-- phpMyAdmin SQL Dump
-- version 5.2.1
-- https://www.phpmyadmin.net/
--
-- Host: localhost
-- Generation Time: Oct 27, 2025 at 12:43 PM
-- Server version: 10.4.28-MariaDB
-- PHP Version: 8.1.17

SET SQL_MODE = "NO_AUTO_VALUE_ON_ZERO";
START TRANSACTION;
SET time_zone = "+00:00";


/*!40101 SET @OLD_CHARACTER_SET_CLIENT=@@CHARACTER_SET_CLIENT */;
/*!40101 SET @OLD_CHARACTER_SET_RESULTS=@@CHARACTER_SET_RESULTS */;
/*!40101 SET @OLD_COLLATION_CONNECTION=@@COLLATION_CONNECTION */;
/*!40101 SET NAMES utf8mb4 */;

--
-- Database: `nia_hris`
--

-- --------------------------------------------------------

--
-- Table structure for table `activity_log`
--

CREATE TABLE `activity_log` (
  `id` int(11) NOT NULL,
  `user_id` int(11) DEFAULT NULL,
  `action` varchar(100) NOT NULL,
  `description` text NOT NULL,
  `ip_address` varchar(45) DEFAULT NULL,
  `user_agent` text DEFAULT NULL,
  `created_at` timestamp NOT NULL DEFAULT current_timestamp()
) ENGINE=InnoDB DEFAULT CHARSET=utf8mb4 COLLATE=utf8mb4_unicode_ci;

-- --------------------------------------------------------

--
-- Table structure for table `degrees`
--

CREATE TABLE `degrees` (
  `id` int(11) NOT NULL,
  `degree_name` varchar(100) NOT NULL,
  `description` text DEFAULT NULL,
  `sort_order` int(11) DEFAULT 0,
  `is_active` tinyint(1) DEFAULT 1,
  `created_by` int(11) DEFAULT NULL,
  `updated_by` int(11) DEFAULT NULL,
  `created_at` timestamp NOT NULL DEFAULT current_timestamp(),
  `updated_at` timestamp NOT NULL DEFAULT current_timestamp() ON UPDATE current_timestamp()
) ENGINE=InnoDB DEFAULT CHARSET=utf8mb4 COLLATE=utf8mb4_unicode_ci;

--
-- Dumping data for table `degrees`
--

INSERT INTO `degrees` (`id`, `degree_name`, `description`, `sort_order`, `is_active`, `created_by`, `updated_by`, `created_at`, `updated_at`) VALUES
(1, 'Elementary', 'Completed elementary education', 1, 1, 1, NULL, '2025-10-07 08:34:56', '2025-10-07 08:34:56'),
(2, 'High School', 'Completed high school education', 2, 1, 1, NULL, '2025-10-07 08:34:56', '2025-10-07 08:34:56'),
(3, 'Vocational', 'Vocational or technical training', 3, 1, 1, NULL, '2025-10-07 08:34:56', '2025-10-07 08:34:56'),
(4, 'Associate Degree', 'Two-year college degree (Associate\'s)', 4, 1, 1, NULL, '2025-10-07 08:34:56', '2025-10-07 08:34:56'),
(5, 'Bachelor\'s Degree', 'Four-year undergraduate degree', 5, 1, 1, NULL, '2025-10-07 08:34:56', '2025-10-07 08:34:56'),
(6, 'Master\'s Degree', 'Graduate degree beyond bachelor\'s', 6, 1, 1, NULL, '2025-10-07 08:34:56', '2025-10-07 08:34:56'),
(7, 'Doctorate', 'Doctoral degree (PhD, EdD, etc.)', 7, 1, 1, NULL, '2025-10-07 08:34:56', '2025-10-07 08:34:56'),
(8, 'Post-Doctorate', 'Post-doctoral research or studies', 8, 1, 1, NULL, '2025-10-07 08:34:56', '2025-10-07 08:34:56');

-- --------------------------------------------------------

--
-- Table structure for table `departments`
--

CREATE TABLE `departments` (
  `id` int(11) NOT NULL,
  `name` varchar(255) NOT NULL,
  `code` varchar(10) NOT NULL,
  `description` text DEFAULT NULL,
  `icon` varchar(100) DEFAULT NULL,
  `color_theme` varchar(7) DEFAULT '#FF6B35',
  `sort_order` int(11) DEFAULT 0,
  `created_by` int(11) DEFAULT NULL,
  `is_active` tinyint(1) NOT NULL DEFAULT 1,
  `created_at` timestamp NOT NULL DEFAULT current_timestamp(),
  `updated_at` timestamp NOT NULL DEFAULT current_timestamp() ON UPDATE current_timestamp()
) ENGINE=InnoDB DEFAULT CHARSET=utf8mb4 COLLATE=utf8mb4_unicode_ci;

--
-- Dumping data for table `departments`
--

INSERT INTO `departments` (`id`, `name`, `code`, `description`, `icon`, `color_theme`, `sort_order`, `created_by`, `is_active`, `created_at`, `updated_at`) VALUES
(1, 'Engineering Department', 'ENG', 'Engineering and Technical Services', 'fas fa-cogs', '#3B82F6', 1, NULL, 1, '2025-10-07 05:11:59', '2025-10-07 05:42:10'),
(2, 'Administration Department', 'ADMIN', 'Administrative and General Services', 'fas fa-user-tie', '#8B5CF6', 2, NULL, 1, '2025-10-07 05:11:59', '2025-10-07 05:42:10'),
(3, 'Finance Department', 'FIN', 'Finance and Accounting Services', 'fas fa-dollar-sign', '#10B981', 3, NULL, 1, '2025-10-07 05:11:59', '2025-10-07 05:42:10'),
(4, 'Human Resources Department', 'HR', 'Human Resources Management', 'fas fa-users', '#F59E0B', 4, NULL, 1, '2025-10-07 05:11:59', '2025-10-07 05:42:10'),
(5, 'Operations Department', 'OPS', 'Operations and Maintenance', 'fas fa-tasks', '#EF4444', 5, NULL, 1, '2025-10-07 05:11:59', '2025-10-07 05:42:10'),
(6, 'Planning Department', 'PLAN', 'Planning and Development', 'fas fa-clipboard-list', '#06B6D4', 6, NULL, 1, '2025-10-07 05:11:59', '2025-10-07 05:42:10'),
(7, 'Information Technology', 'IT', 'IT support and development', NULL, '#FF6B35', 0, NULL, 1, '2025-10-19 16:22:58', '2025-10-19 16:22:58'),
(8, 'Health Services', 'HEALTH', 'Medical and health services', NULL, '#FF6B35', 0, NULL, 1, '2025-10-19 16:22:58', '2025-10-19 16:22:58');

-- --------------------------------------------------------

--
-- Table structure for table `employees`
--

CREATE TABLE `employees` (
  `id` int(11) NOT NULL,
  `employee_id` varchar(20) NOT NULL,
  `first_name` varchar(50) NOT NULL,
  `last_name` varchar(50) NOT NULL,
  `email` varchar(100) NOT NULL,
  `password` varchar(255) DEFAULT NULL,
  `position` varchar(100) NOT NULL,
  `department` varchar(100) NOT NULL,
  `department_id` int(11) DEFAULT NULL,
  `employee_type` enum('faculty','staff','admin') DEFAULT 'staff',
  `hire_date` date NOT NULL,
  `phone` varchar(20) DEFAULT NULL,
  `sss_number` varchar(20) DEFAULT NULL,
  `pagibig_number` varchar(20) DEFAULT NULL,
  `tin_number` varchar(20) DEFAULT NULL,
  `philhealth_number` varchar(20) DEFAULT NULL,
  `address` text DEFAULT NULL,
  `is_active` tinyint(1) DEFAULT 1,
  `created_at` timestamp NOT NULL DEFAULT current_timestamp(),
  `updated_at` timestamp NULL DEFAULT NULL ON UPDATE current_timestamp(),
  `blood_type` varchar(10) DEFAULT NULL,
  `medical_conditions` text DEFAULT NULL,
  `allergies` text DEFAULT NULL,
  `medications` text DEFAULT NULL,
  `last_medical_checkup` date DEFAULT NULL,
  `medical_notes` text DEFAULT NULL,
  `emergency_contact_name` varchar(100) DEFAULT NULL,
  `emergency_contact_number` varchar(20) DEFAULT NULL
) ENGINE=InnoDB DEFAULT CHARSET=utf8mb4 COLLATE=utf8mb4_unicode_ci;

--
-- Dumping data for table `employees`
--

INSERT INTO `employees` (`id`, `employee_id`, `first_name`, `last_name`, `email`, `password`, `position`, `department`, `department_id`, `employee_type`, `hire_date`, `phone`, `sss_number`, `pagibig_number`, `tin_number`, `philhealth_number`, `address`, `is_active`, `created_at`, `updated_at`, `blood_type`, `medical_conditions`, `allergies`, `medications`, `last_medical_checkup`, `medical_notes`, `emergency_contact_name`, `emergency_contact_number`) VALUES
(12, 'EMP-2024-001', 'Juan', 'Dela Cruz', 'juan.delacruz@nia.gov.ph', '$2y$10$dYemFxmRPNC9PnTj3INT/eWhAtDW5VVZ0pw1vEgJ.oUsnBcqvCnyy', 'Senior Administrative Officer', 'Administration', NULL, 'staff', '2020-01-15', '63', '34-1234567-8', '1234-5678-9012', '123-456-789-000', '12-345678901-2', '123 Mabini St., Quezon City, Metro Manila', 1, '2025-10-19 16:26:39', '2025-10-19 16:26:39', 'O+', 'None', 'None', 'Metformin', '2025-08-28', 'Annual physical examination completed', 'Juan Family', '+63 973 613 4497'),
(13, 'EMP-2024-002', 'Maria', 'Santos', 'maria.santos@nia.gov.ph', '$2y$10$QuE9nn1Fgz7Bb86ceyCYSOhBmtU4qoGt7hdJbttpkjn9Zl6/8ZTzW', 'HR Manager', 'Human Resources', NULL, 'admin', '2019-03-10', '63', '34-2345678-9', '2345-6789-0123', '234-567-890-000', '23-456789012-3', '456 Rizal Ave., Makati City, Metro Manila', 1, '2025-10-19 16:26:39', '2025-10-19 16:26:39', 'A+', 'None', 'None', 'Losartan', '2025-07-13', 'Annual physical examination completed', 'Maria Family', '+63 958 758 1918');

-- --------------------------------------------------------

--
-- Table structure for table `employee_benefits`
--

CREATE TABLE `employee_benefits` (
  `id` int(11) NOT NULL,
  `employee_id` int(11) NOT NULL COMMENT 'Foreign key to employees table',
  `benefit_type` enum('Health Insurance','Life Insurance','Dental','Vision','Retirement','Bonus','Allowance','Other') NOT NULL COMMENT 'Type of benefit',
  `benefit_name` varchar(100) NOT NULL COMMENT 'Name of the benefit',
  `benefit_description` text DEFAULT NULL COMMENT 'Description of the benefit',
  `benefit_amount` decimal(10,2) DEFAULT NULL COMMENT 'Monetary value of benefit',
  `coverage_percentage` decimal(5,2) DEFAULT 100.00 COMMENT 'Coverage percentage (e.g., 80% for health insurance)',
  `provider` varchar(100) DEFAULT NULL COMMENT 'Benefit provider (insurance company, etc.)',
  `policy_number` varchar(50) DEFAULT NULL COMMENT 'Policy or account number',
  `effective_date` date DEFAULT NULL COMMENT 'Date benefit became effective',
  `expiry_date` date DEFAULT NULL COMMENT 'Date benefit expires',
  `is_active` tinyint(1) DEFAULT 1 COMMENT 'Whether benefit is currently active',
  `created_at` timestamp NOT NULL DEFAULT current_timestamp(),
  `updated_at` timestamp NULL DEFAULT NULL ON UPDATE current_timestamp()
) ENGINE=InnoDB DEFAULT CHARSET=utf8mb4 COLLATE=utf8mb4_unicode_ci COMMENT='Employee benefits and insurance information';

-- --------------------------------------------------------

--
-- Table structure for table `employee_benefit_configurations`
--

CREATE TABLE `employee_benefit_configurations` (
  `id` int(11) NOT NULL,
  `employee_id` int(11) NOT NULL,
  `sss_deduction_type` enum('auto','fixed','percentage','none') DEFAULT 'auto',
  `sss_fixed_amount` decimal(10,2) DEFAULT 0.00,
  `sss_percentage` decimal(5,2) DEFAULT 0.00,
  `philhealth_deduction_type` enum('auto','fixed','percentage','none') DEFAULT 'auto',
  `philhealth_fixed_amount` decimal(10,2) DEFAULT 0.00,
  `philhealth_percentage` decimal(5,2) DEFAULT 0.00,
  `pagibig_deduction_type` enum('auto','fixed','percentage','none') DEFAULT 'auto',
  `pagibig_fixed_amount` decimal(10,2) DEFAULT 0.00,
  `pagibig_percentage` decimal(5,2) DEFAULT 0.00,
  `tax_deduction_type` enum('auto','fixed','percentage','none') DEFAULT 'auto',
  `tax_fixed_amount` decimal(10,2) DEFAULT 0.00,
  `tax_percentage` decimal(5,2) DEFAULT 0.00,
  `created_at` timestamp NOT NULL DEFAULT current_timestamp(),
  `updated_at` timestamp NOT NULL DEFAULT current_timestamp() ON UPDATE current_timestamp()
) ENGINE=InnoDB DEFAULT CHARSET=utf8mb4 COLLATE=utf8mb4_unicode_ci;

-- --------------------------------------------------------

--
-- Table structure for table `employee_details`
--

CREATE TABLE `employee_details` (
  `id` int(11) NOT NULL,
  `employee_id` int(11) NOT NULL COMMENT 'Foreign key to employees table',
  `middle_name` varchar(50) DEFAULT NULL COMMENT 'Middle name of the employee',
  `date_of_birth` date DEFAULT NULL COMMENT 'Date of birth of the employee',
  `gender` enum('Male','Female','Other') DEFAULT NULL COMMENT 'Gender of the employee',
  `civil_status` enum('Single','Married','Widowed','Divorced','Separated') DEFAULT NULL COMMENT 'Civil status of the employee',
  `nationality` varchar(50) DEFAULT 'Filipino' COMMENT 'Nationality of the employee',
  `religion` varchar(100) DEFAULT NULL COMMENT 'Religion of the employee',
  `emergency_contact_name` varchar(100) DEFAULT NULL COMMENT 'Name of emergency contact person',
  `emergency_contact_number` varchar(20) DEFAULT NULL COMMENT 'Phone number of emergency contact',
  `emergency_contact_relationship` varchar(50) DEFAULT NULL COMMENT 'Relationship to emergency contact',
  `employment_type` enum('Full-time','Part-time','Contract','Temporary','Probationary','Casual','Regular','Contractual','Part Time') DEFAULT 'Probationary',
  `employment_status` enum('Full Time','Visiting') DEFAULT 'Full Time',
  `job_level` enum('Entry Level','Associate','Senior','Supervisor','Manager','Director','Executive') DEFAULT 'Entry Level' COMMENT 'Job level or hierarchy',
  `immediate_supervisor` varchar(100) DEFAULT NULL COMMENT 'Name of immediate supervisor',
  `work_schedule` enum('Regular','Shifting','Flexible','Remote','Hybrid') DEFAULT 'Regular' COMMENT 'Work schedule type',
  `probation_period_months` int(2) DEFAULT 6 COMMENT 'Probation period in months',
  `regularization_date` date DEFAULT NULL COMMENT 'Date when employee was regularized',
  `basic_salary` decimal(12,2) DEFAULT NULL COMMENT 'Basic monthly salary amount',
  `salary_grade` varchar(20) DEFAULT NULL COMMENT 'Government salary grade level',
  `step_increment` int(2) DEFAULT 1 COMMENT 'Step increment within salary grade',
  `allowances` decimal(10,2) DEFAULT 0.00 COMMENT 'Monthly allowances amount',
  `overtime_rate` decimal(8,2) DEFAULT NULL COMMENT 'Hourly overtime rate',
  `night_differential_rate` decimal(5,2) DEFAULT 0.10 COMMENT 'Night differential percentage (default 10%)',
  `hazard_pay` decimal(10,2) DEFAULT 0.00 COMMENT 'Monthly hazard pay amount',
  `pay_schedule` enum('Monthly','Bi-monthly','Quincena','Weekly','Daily') DEFAULT 'Monthly' COMMENT 'Payment schedule',
  `salary_structure_id` int(11) DEFAULT NULL,
  `bank_account_number` varchar(50) DEFAULT NULL COMMENT 'Bank account number for salary',
  `bank_name` varchar(100) DEFAULT NULL COMMENT 'Bank name for salary account',
  `tin_number` varchar(20) DEFAULT NULL COMMENT 'Tax Identification Number (BIR)',
  `sss_number` varchar(20) DEFAULT NULL COMMENT 'Social Security System number',
  `philhealth_number` varchar(20) DEFAULT NULL COMMENT 'PhilHealth ID number',
  `pagibig_number` varchar(20) DEFAULT NULL COMMENT 'PAG-IBIG (HDMF) number',
  `umid_number` varchar(20) DEFAULT NULL COMMENT 'Unified Multi-Purpose ID number',
  `postal_id` varchar(20) DEFAULT NULL COMMENT 'Postal ID number',
  `voters_id` varchar(20) DEFAULT NULL COMMENT 'Voters ID number',
  `drivers_license` varchar(20) DEFAULT NULL COMMENT 'Drivers license number',
  `passport_number` varchar(20) DEFAULT NULL COMMENT 'Passport number',
  `passport_expiry` date DEFAULT NULL COMMENT 'Passport expiry date',
  `prc_license_number` varchar(50) DEFAULT NULL COMMENT 'PRC (Professional Regulation Commission) license number',
  `prc_license_expiry` date DEFAULT NULL COMMENT 'PRC license expiry date',
  `prc_profession` varchar(100) DEFAULT NULL COMMENT 'Licensed profession',
  `other_licenses` text DEFAULT NULL COMMENT 'Other professional licenses and certifications (JSON format)',
  `certifications` text DEFAULT NULL COMMENT 'Professional certifications and training (JSON format)',
  `highest_education` enum('Elementary','High School','Vocational','Associate Degree','Bachelor''s Degree','Master''s Degree','Doctorate','Post-Doctorate') DEFAULT NULL COMMENT 'Highest educational attainment',
  `field_of_study` varchar(100) DEFAULT NULL COMMENT 'Field of study or specialization',
  `school_university` varchar(200) DEFAULT NULL COMMENT 'School or university attended',
  `year_graduated` int(4) DEFAULT NULL COMMENT 'Year of graduation',
  `honors_awards` varchar(200) DEFAULT NULL COMMENT 'Academic honors and awards received',
  `blood_type` enum('A+','A-','B+','B-','AB+','AB-','O+','O-') DEFAULT NULL COMMENT 'Blood type',
  `medical_conditions` text DEFAULT NULL COMMENT 'Known medical conditions or allergies',
  `fitness_for_duty` enum('Fit','Unfit','Conditional') DEFAULT 'Fit' COMMENT 'Medical fitness for duty status',
  `last_medical_exam` date DEFAULT NULL COMMENT 'Date of last medical examination',
  `next_medical_exam` date DEFAULT NULL COMMENT 'Date of next required medical exam',
  `skills_competencies` text DEFAULT NULL COMMENT 'Professional skills and competencies (JSON format)',
  `languages_spoken` varchar(200) DEFAULT 'Filipino, English' COMMENT 'Languages spoken',
  `references` text DEFAULT NULL COMMENT 'Professional references (JSON format)',
  `notes` text DEFAULT NULL COMMENT 'Additional HR notes',
  `profile_photo` varchar(255) DEFAULT NULL COMMENT 'Path to employee profile photo',
  `created_at` timestamp NOT NULL DEFAULT current_timestamp() COMMENT 'Record creation timestamp',
  `updated_at` timestamp NULL DEFAULT NULL ON UPDATE current_timestamp() COMMENT 'Record update timestamp',
  `created_by` int(11) DEFAULT NULL COMMENT 'User ID who created the record',
  `updated_by` int(11) DEFAULT NULL COMMENT 'User ID who last updated the record'
) ENGINE=InnoDB DEFAULT CHARSET=utf8mb4 COLLATE=utf8mb4_unicode_ci COMMENT='Comprehensive HR employment details for employees';

--
-- Dumping data for table `employee_details`
--

INSERT INTO `employee_details` (`id`, `employee_id`, `middle_name`, `date_of_birth`, `gender`, `civil_status`, `nationality`, `religion`, `emergency_contact_name`, `emergency_contact_number`, `emergency_contact_relationship`, `employment_type`, `employment_status`, `job_level`, `immediate_supervisor`, `work_schedule`, `probation_period_months`, `regularization_date`, `basic_salary`, `salary_grade`, `step_increment`, `allowances`, `overtime_rate`, `night_differential_rate`, `hazard_pay`, `pay_schedule`, `salary_structure_id`, `bank_account_number`, `bank_name`, `tin_number`, `sss_number`, `philhealth_number`, `pagibig_number`, `umid_number`, `postal_id`, `voters_id`, `drivers_license`, `passport_number`, `passport_expiry`, `prc_license_number`, `prc_license_expiry`, `prc_profession`, `other_licenses`, `certifications`, `highest_education`, `field_of_study`, `school_university`, `year_graduated`, `honors_awards`, `blood_type`, `medical_conditions`, `fitness_for_duty`, `last_medical_exam`, `next_medical_exam`, `skills_competencies`, `languages_spoken`, `references`, `notes`, `profile_photo`, `created_at`, `updated_at`, `created_by`, `updated_by`) VALUES
(27, 12, NULL, NULL, NULL, NULL, 'Filipino', NULL, NULL, NULL, NULL, 'Regular', 'Full Time', 'Entry Level', NULL, 'Regular', 6, NULL, 35000.00, NULL, 1, 0.00, NULL, 0.10, 0.00, 'Monthly', NULL, NULL, NULL, NULL, NULL, NULL, NULL, NULL, NULL, NULL, NULL, NULL, NULL, NULL, NULL, NULL, NULL, NULL, NULL, NULL, NULL, NULL, NULL, NULL, NULL, 'Fit', NULL, NULL, NULL, 'Filipino, English', NULL, NULL, NULL, '2025-10-19 16:26:39', NULL, NULL, NULL),
(28, 13, NULL, NULL, NULL, NULL, 'Filipino', NULL, NULL, NULL, NULL, 'Regular', 'Full Time', 'Entry Level', NULL, 'Regular', 6, NULL, 45000.00, NULL, 1, 0.00, NULL, 0.10, 0.00, 'Monthly', NULL, NULL, NULL, NULL, NULL, NULL, NULL, NULL, NULL, NULL, NULL, NULL, NULL, NULL, NULL, NULL, NULL, NULL, NULL, NULL, NULL, NULL, NULL, NULL, NULL, 'Fit', NULL, NULL, NULL, 'Filipino, English', NULL, NULL, NULL, '2025-10-19 16:26:39', NULL, NULL, NULL);

-- --------------------------------------------------------

--
-- Table structure for table `employee_dtr_cards`
--

CREATE TABLE `employee_dtr_cards` (
  `id` int(11) NOT NULL,
  `employee_id` int(11) NOT NULL,
  `payroll_period_id` int(11) DEFAULT NULL,
  `period_start_date` date NOT NULL,
  `period_end_date` date NOT NULL,
  `file_path` varchar(500) NOT NULL,
  `file_name` varchar(255) NOT NULL,
  `file_size` int(11) DEFAULT NULL,
  `upload_date` timestamp NOT NULL DEFAULT current_timestamp(),
  `uploaded_by` int(11) DEFAULT NULL,
  `status` enum('pending','verified','processed','rejected') DEFAULT 'pending',
  `verified_by` int(11) DEFAULT NULL,
  `verified_at` timestamp NULL DEFAULT NULL,
  `notes` text DEFAULT NULL,
  `created_at` timestamp NOT NULL DEFAULT current_timestamp(),
  `updated_at` timestamp NOT NULL DEFAULT current_timestamp() ON UPDATE current_timestamp()
) ENGINE=InnoDB DEFAULT CHARSET=utf8mb4 COLLATE=utf8mb4_unicode_ci;

-- --------------------------------------------------------

--
-- Table structure for table `employee_leave_allowances`
--

CREATE TABLE `employee_leave_allowances` (
  `id` int(11) NOT NULL,
  `employee_id` int(11) NOT NULL,
  `leave_type_id` int(11) NOT NULL,
  `year` int(4) NOT NULL,
  `base_days` int(11) NOT NULL DEFAULT 5,
  `accumulated_days` int(11) NOT NULL DEFAULT 0,
  `total_days` int(11) NOT NULL DEFAULT 5,
  `used_days` int(11) NOT NULL DEFAULT 0,
  `remaining_days` int(11) NOT NULL DEFAULT 5,
  `is_regular` tinyint(1) DEFAULT 0,
  `regularization_date` date DEFAULT NULL,
  `can_accumulate` tinyint(1) DEFAULT 0,
  `accumulation_start_year` int(4) DEFAULT NULL,
  `created_at` timestamp NOT NULL DEFAULT current_timestamp(),
  `updated_at` timestamp NULL DEFAULT NULL ON UPDATE current_timestamp()
) ENGINE=InnoDB DEFAULT CHARSET=utf8mb4 COLLATE=utf8mb4_unicode_ci;

--
-- Dumping data for table `employee_leave_allowances`
--

INSERT INTO `employee_leave_allowances` (`id`, `employee_id`, `leave_type_id`, `year`, `base_days`, `accumulated_days`, `total_days`, `used_days`, `remaining_days`, `is_regular`, `regularization_date`, `can_accumulate`, `accumulation_start_year`, `created_at`, `updated_at`) VALUES
(162, 12, 1, 2025, 5, 0, 15, 0, 15, 0, NULL, 0, NULL, '2025-10-19 16:26:39', NULL),
(163, 12, 2, 2025, 5, 0, 15, 0, 15, 0, NULL, 0, NULL, '2025-10-19 16:26:39', NULL),
(164, 12, 3, 2025, 5, 0, 3, 0, 3, 0, NULL, 0, NULL, '2025-10-19 16:26:39', NULL),
(165, 13, 1, 2025, 5, 0, 15, 0, 15, 0, NULL, 0, NULL, '2025-10-19 16:26:39', NULL),
(166, 13, 2, 2025, 5, 0, 15, 0, 15, 0, NULL, 0, NULL, '2025-10-19 16:26:39', NULL),
(167, 13, 3, 2025, 5, 0, 3, 0, 3, 0, NULL, 0, NULL, '2025-10-19 16:26:39', NULL);

-- --------------------------------------------------------

--
-- Table structure for table `employee_leave_requests`
--

CREATE TABLE `employee_leave_requests` (
  `id` int(11) NOT NULL,
  `employee_id` int(11) NOT NULL,
  `leave_type_id` int(11) NOT NULL,
  `start_date` date NOT NULL,
  `end_date` date NOT NULL,
  `total_days` decimal(5,2) NOT NULL,
  `reason` text NOT NULL,
  `status` enum('pending','approved_by_head','approved_by_hr','rejected','cancelled') DEFAULT 'pending',
  `department_head_approval` enum('pending','approved','rejected') DEFAULT 'pending',
  `hr_approval` enum('pending','approved','rejected') DEFAULT 'pending',
  `department_head_id` int(11) DEFAULT NULL,
  `hr_approver_id` int(11) DEFAULT NULL,
  `department_head_comment` text DEFAULT NULL,
  `hr_comment` text DEFAULT NULL,
  `department_head_approved_at` timestamp NULL DEFAULT NULL,
  `hr_approved_at` timestamp NULL DEFAULT NULL,
  `created_at` timestamp NOT NULL DEFAULT current_timestamp(),
  `updated_at` timestamp NULL DEFAULT NULL ON UPDATE current_timestamp()
) ENGINE=InnoDB DEFAULT CHARSET=utf8mb4 COLLATE=utf8mb4_unicode_ci;

-- --------------------------------------------------------

--
-- Table structure for table `employee_medical_history`
--

CREATE TABLE `employee_medical_history` (
  `id` int(11) NOT NULL,
  `employee_id` int(11) NOT NULL,
  `record_date` date NOT NULL,
  `record_type` enum('checkup','diagnosis','treatment','vaccination','lab_test','consultation','emergency','follow_up') NOT NULL DEFAULT 'checkup',
  `chief_complaint` varchar(255) DEFAULT NULL,
  `diagnosis` text DEFAULT NULL,
  `treatment` text DEFAULT NULL,
  `medication_prescribed` text DEFAULT NULL,
  `lab_results` text DEFAULT NULL,
  `vital_signs` longtext CHARACTER SET utf8mb4 COLLATE utf8mb4_bin DEFAULT NULL CHECK (json_valid(`vital_signs`)),
  `doctor_name` varchar(100) DEFAULT NULL,
  `clinic_hospital` varchar(200) DEFAULT NULL,
  `follow_up_date` date DEFAULT NULL,
  `notes` text DEFAULT NULL,
  `recorded_by` int(11) DEFAULT NULL,
  `created_at` timestamp NOT NULL DEFAULT current_timestamp(),
  `updated_at` timestamp NOT NULL DEFAULT current_timestamp() ON UPDATE current_timestamp()
) ENGINE=InnoDB DEFAULT CHARSET=utf8mb4 COLLATE=utf8mb4_unicode_ci;

--
-- Dumping data for table `employee_medical_history`
--

INSERT INTO `employee_medical_history` (`id`, `employee_id`, `record_date`, `record_type`, `chief_complaint`, `diagnosis`, `treatment`, `medication_prescribed`, `lab_results`, `vital_signs`, `doctor_name`, `clinic_hospital`, `follow_up_date`, `notes`, `recorded_by`, `created_at`, `updated_at`) VALUES
(1, 12, '2023-12-01', 'diagnosis', 'Fatigue and weakness', 'Tension headache', 'Advised to return if symptoms persist', 'Salbutamol inhaler - 2 puffs as needed', NULL, '{\"blood_pressure\":\"126\\/70\",\"heart_rate\":85,\"temperature\":36.3,\"respiratory_rate\":16,\"weight\":62,\"height\":154}', 'Dr. Miguel Fernandez', 'NIA Health Center', NULL, 'Recorded during Diagnosis visit on December 1, 2023', 1, '2025-10-19 16:43:51', '2025-10-19 16:43:51'),
(2, 12, '2025-08-22', 'diagnosis', 'Back pain', 'Muscle strain', 'Home care instructions given', 'None prescribed - advised rest and hydration', NULL, '{\"blood_pressure\":\"130\\/71\",\"heart_rate\":68,\"temperature\":36.8,\"respiratory_rate\":19,\"weight\":53,\"height\":160}', 'Dr. Jose Garcia', 'The Medical City', '2025-09-18', 'Recorded during Diagnosis visit on August 22, 2025', 1, '2025-10-19 16:43:51', '2025-10-19 16:43:51'),
(3, 12, '2025-04-26', 'checkup', 'Routine health checkup', 'Good health status', 'Lifestyle modification recommended', 'Cetirizine 10mg - 1 tab once daily', NULL, '{\"blood_pressure\":\"122\\/85\",\"heart_rate\":89,\"temperature\":36.3,\"respiratory_rate\":20,\"weight\":61,\"height\":160}', 'Dr. Carmen Ramos', 'Makati Medical Center', NULL, 'Recorded during Checkup visit on April 26, 2025', 1, '2025-10-19 16:43:51', '2025-10-19 16:43:51'),
(4, 12, '2025-07-15', 'consultation', 'Second opinion', 'Advice given', 'Rest and observation', 'None prescribed - advised rest and hydration', NULL, '{\"blood_pressure\":\"122\\/84\",\"heart_rate\":61,\"temperature\":36.3,\"respiratory_rate\":18,\"weight\":53,\"height\":160}', 'Dr. Pedro Cruz', 'St. Luke\'s Medical Center', NULL, 'Recorded during Consultation visit on July 15, 2025', 1, '2025-10-19 16:43:51', '2025-10-19 16:43:51'),
(5, 12, '2025-10-13', 'vaccination', 'Tetanus booster', 'Vaccination completed', 'Referred to specialist', 'Paracetamol 500mg - 1 tab every 6 hours as needed', NULL, '{\"blood_pressure\":\"126\\/73\",\"heart_rate\":75,\"temperature\":36.4,\"respiratory_rate\":16,\"weight\":68,\"height\":163}', 'Dr. Ana Reyes', 'Makati Medical Center', NULL, 'Recorded during Vaccination visit on October 13, 2025', 1, '2025-10-19 16:43:51', '2025-10-19 16:43:51'),
(6, 12, '2024-01-11', 'diagnosis', 'Back pain', 'Viral infection', 'Advised to return if symptoms persist', 'Mefenamic acid 500mg - 1 cap every 8 hours', NULL, '{\"blood_pressure\":\"112\\/74\",\"heart_rate\":84,\"temperature\":37.5,\"respiratory_rate\":14,\"weight\":64,\"height\":160}', 'Dr. Pedro Cruz', 'St. Luke\'s Medical Center', '2024-01-22', 'Recorded during Diagnosis visit on January 11, 2024', 1, '2025-10-19 16:43:51', '2025-10-19 16:43:51'),
(7, 12, '2023-03-10', 'lab_test', 'Blood sugar test', 'No abnormalities detected', 'Continue current medications', 'Paracetamol 500mg - 1 tab every 6 hours as needed', 'CBC: WBC 7.2, RBC 5.1, Hgb 14.5, Hct 42%\nUrinalysis: Normal\nOther parameters: Within normal limits', '{\"blood_pressure\":\"122\\/85\",\"heart_rate\":68,\"temperature\":36.1,\"respiratory_rate\":19,\"weight\":73,\"height\":163}', 'Dr. Miguel Fernandez', 'The Medical City', '2023-03-25', 'Recorded during Lab_test visit on March 10, 2023', 1, '2025-10-19 16:43:51', '2025-10-19 16:43:51'),
(8, 12, '2023-07-26', 'diagnosis', 'Fever and cough', 'Muscle strain', 'Continue current medications', 'None prescribed - advised rest and hydration', NULL, '{\"blood_pressure\":\"117\\/78\",\"heart_rate\":87,\"temperature\":36,\"respiratory_rate\":16,\"weight\":65,\"height\":165}', 'Dr. Ana Reyes', 'Makati Medical Center', NULL, 'Recorded during Diagnosis visit on July 26, 2023', 1, '2025-10-19 16:43:51', '2025-10-19 16:43:51'),
(9, 12, '2022-12-01', 'checkup', 'Routine health checkup', 'Generally healthy', 'Home care instructions given', 'Multivitamins - 1 tab once daily', NULL, '{\"blood_pressure\":\"117\\/77\",\"heart_rate\":61,\"temperature\":36.5,\"respiratory_rate\":14,\"weight\":60,\"height\":164}', 'Dr. Miguel Fernandez', 'The Medical City', NULL, 'Recorded during Checkup visit on December 1, 2022', 1, '2025-10-19 16:43:51', '2025-10-19 16:43:51'),
(10, 12, '2024-12-05', 'vaccination', 'Tetanus booster', 'Booster dose given', 'Lifestyle modification recommended', 'Salbutamol inhaler - 2 puffs as needed', NULL, '{\"blood_pressure\":\"123\\/85\",\"heart_rate\":85,\"temperature\":36.1,\"respiratory_rate\":15,\"weight\":70,\"height\":164}', 'Dr. Pedro Cruz', 'Makati Medical Center', NULL, 'Recorded during Vaccination visit on December 5, 2024', 1, '2025-10-19 16:43:51', '2025-10-19 16:43:51'),
(11, 12, '2023-11-03', 'consultation', 'Health guidance', 'Observation recommended', 'Medication prescribed', 'None prescribed - advised rest and hydration', NULL, '{\"blood_pressure\":\"117\\/83\",\"heart_rate\":69,\"temperature\":36.2,\"respiratory_rate\":18,\"weight\":58,\"height\":153}', 'Dr. Maria Santos', 'Asian Hospital and Medical Center', NULL, 'Recorded during Consultation visit on November 3, 2023', 1, '2025-10-19 16:43:51', '2025-10-19 16:43:51'),
(12, 12, '2023-01-29', 'vaccination', 'COVID-19 vaccination', 'Booster dose given', 'Rest and observation', 'Amoxicillin 500mg - 1 cap 3x a day for 7 days', NULL, '{\"blood_pressure\":\"120\\/75\",\"heart_rate\":73,\"temperature\":37.4,\"respiratory_rate\":14,\"weight\":78,\"height\":166}', 'Dr. Jose Garcia', 'Manila Doctors Hospital', '2023-02-08', 'Recorded during Vaccination visit on January 29, 2023', 1, '2025-10-19 16:43:51', '2025-10-19 16:43:51'),
(13, 12, '2023-08-01', 'checkup', 'Pre-employment medical exam', 'Good health status', 'Continue current medications', 'Cetirizine 10mg - 1 tab once daily', NULL, '{\"blood_pressure\":\"121\\/79\",\"heart_rate\":77,\"temperature\":36.5,\"respiratory_rate\":19,\"weight\":67,\"height\":173}', 'Dr. Pedro Cruz', 'NIA Health Center', '2023-08-20', 'Recorded during Checkup visit on August 1, 2023', 1, '2025-10-19 16:43:51', '2025-10-19 16:43:51'),
(14, 12, '2025-08-16', 'vaccination', 'Pneumonia vaccine', 'Vaccination completed', 'Medication prescribed', 'Mefenamic acid 500mg - 1 cap every 8 hours', NULL, '{\"blood_pressure\":\"130\\/74\",\"heart_rate\":81,\"temperature\":37,\"respiratory_rate\":15,\"weight\":59,\"height\":162}', 'Dr. Ana Reyes', 'Manila Doctors Hospital', '2025-09-09', 'Recorded during Vaccination visit on August 16, 2025', 1, '2025-10-19 16:43:51', '2025-10-19 16:43:51'),
(15, 12, '2022-12-17', 'consultation', 'Follow-up consultation', 'Advice given', 'Advised to return if symptoms persist', 'Amoxicillin 500mg - 1 cap 3x a day for 7 days', NULL, '{\"blood_pressure\":\"121\\/85\",\"heart_rate\":61,\"temperature\":36.1,\"respiratory_rate\":16,\"weight\":77,\"height\":157}', 'Dr. Carmen Ramos', 'St. Luke\'s Medical Center', '2022-12-25', 'Recorded during Consultation visit on December 17, 2022', 1, '2025-10-19 16:43:51', '2025-10-19 16:43:51'),
(16, 13, '2025-06-24', 'diagnosis', 'Back pain', 'Viral infection', 'Medication prescribed', 'None prescribed - advised rest and hydration', NULL, '{\"blood_pressure\":\"114\\/85\",\"heart_rate\":90,\"temperature\":36,\"respiratory_rate\":15,\"weight\":76,\"height\":150}', 'Dr. Carmen Ramos', 'The Medical City', '2025-07-09', 'Recorded during Diagnosis visit on June 24, 2025', 1, '2025-10-19 16:43:51', '2025-10-19 16:43:51'),
(17, 13, '2025-08-09', 'diagnosis', 'Persistent headache', 'Muscle strain', 'Continue current medications', 'Multivitamins - 1 tab once daily', NULL, '{\"blood_pressure\":\"125\\/71\",\"heart_rate\":61,\"temperature\":36.2,\"respiratory_rate\":14,\"weight\":71,\"height\":155}', 'Dr. Maria Santos', 'Manila Doctors Hospital', NULL, 'Recorded during Diagnosis visit on August 9, 2025', 1, '2025-10-19 16:43:51', '2025-10-19 16:43:51'),
(18, 13, '2024-11-23', 'checkup', 'Routine health checkup', 'Fit for work', 'Rest and observation', 'Salbutamol inhaler - 2 puffs as needed', NULL, '{\"blood_pressure\":\"122\\/73\",\"heart_rate\":64,\"temperature\":36.6,\"respiratory_rate\":15,\"weight\":76,\"height\":164}', 'Dr. Carmen Ramos', 'NIA Health Center', NULL, 'Recorded during Checkup visit on November 23, 2024', 1, '2025-10-19 16:43:51', '2025-10-19 16:43:51'),
(19, 13, '2023-05-11', 'consultation', 'Follow-up consultation', 'Observation recommended', 'Home care instructions given', 'Cetirizine 10mg - 1 tab once daily', NULL, '{\"blood_pressure\":\"110\\/81\",\"heart_rate\":62,\"temperature\":36.5,\"respiratory_rate\":14,\"weight\":78,\"height\":180}', 'Dr. Maria Santos', 'Makati Medical Center', '2023-06-05', 'Recorded during Consultation visit on May 11, 2023', 1, '2025-10-19 16:43:51', '2025-10-19 16:43:51'),
(20, 13, '2023-10-09', 'checkup', 'Health maintenance visit', 'No significant findings', 'Home care instructions given', 'Salbutamol inhaler - 2 puffs as needed', NULL, '{\"blood_pressure\":\"111\\/75\",\"heart_rate\":89,\"temperature\":36.8,\"respiratory_rate\":18,\"weight\":73,\"height\":173}', 'Dr. Maria Santos', 'Makati Medical Center', '2023-11-03', 'Recorded during Checkup visit on October 9, 2023', 1, '2025-10-19 16:43:51', '2025-10-19 16:43:51'),
(21, 13, '2024-02-01', 'consultation', 'Second opinion', 'Observation recommended', 'Medication prescribed', 'Mefenamic acid 500mg - 1 cap every 8 hours', NULL, '{\"blood_pressure\":\"110\\/73\",\"heart_rate\":87,\"temperature\":36.9,\"respiratory_rate\":19,\"weight\":74,\"height\":170}', 'Dr. Jose Garcia', 'Manila Doctors Hospital', '2024-02-12', 'Recorded during Consultation visit on February 1, 2024', 1, '2025-10-19 16:43:51', '2025-10-19 16:43:51'),
(22, 13, '2024-08-23', 'diagnosis', 'Joint pain', 'Tension headache', 'Medication prescribed', 'Salbutamol inhaler - 2 puffs as needed', NULL, '{\"blood_pressure\":\"121\\/78\",\"heart_rate\":67,\"temperature\":36.2,\"respiratory_rate\":19,\"weight\":55,\"height\":170}', 'Dr. Jose Garcia', 'Manila Doctors Hospital', '2024-08-31', 'Recorded during Diagnosis visit on August 23, 2024', 1, '2025-10-19 16:43:51', '2025-10-19 16:43:51'),
(23, 13, '2025-01-03', 'consultation', 'Medical advice needed', 'Observation recommended', 'Home care instructions given', 'None prescribed - advised rest and hydration', NULL, '{\"blood_pressure\":\"122\\/75\",\"heart_rate\":84,\"temperature\":37.2,\"respiratory_rate\":14,\"weight\":54,\"height\":174}', 'Dr. Ana Reyes', 'Manila Doctors Hospital', '2025-02-01', 'Recorded during Consultation visit on January 3, 2025', 1, '2025-10-19 16:43:51', '2025-10-19 16:43:51'),
(24, 13, '2023-04-02', 'lab_test', 'Complete blood count', 'No abnormalities detected', 'Rest and observation', 'Ibuprofen 400mg - 1 tab every 8 hours after meals', 'CBC: WBC 7.2, RBC 5.1, Hgb 14.5, Hct 42%\nUrinalysis: Normal\nOther parameters: Within normal limits', '{\"blood_pressure\":\"114\\/75\",\"heart_rate\":60,\"temperature\":37.3,\"respiratory_rate\":17,\"weight\":67,\"height\":150}', 'Dr. Maria Santos', 'St. Luke\'s Medical Center', NULL, 'Recorded during Lab_test visit on April 2, 2023', 1, '2025-10-19 16:43:51', '2025-10-19 16:43:51'),
(25, 13, '2024-05-31', 'diagnosis', 'Back pain', 'Muscle strain', 'Follow-up in 2 weeks', 'Paracetamol 500mg - 1 tab every 6 hours as needed', NULL, '{\"blood_pressure\":\"127\\/74\",\"heart_rate\":61,\"temperature\":36.1,\"respiratory_rate\":18,\"weight\":50,\"height\":152}', 'Dr. Pedro Cruz', 'NIA Health Center', NULL, 'Recorded during Diagnosis visit on May 31, 2024', 1, '2025-10-19 16:43:51', '2025-10-19 16:43:51');

-- --------------------------------------------------------

--
-- Table structure for table `employee_regularization`
--

CREATE TABLE `employee_regularization` (
  `id` int(11) NOT NULL,
  `employee_id` int(11) NOT NULL,
  `current_status_id` int(11) NOT NULL,
  `date_of_hire` date NOT NULL,
  `probation_start_date` date NOT NULL,
  `probation_end_date` date NOT NULL,
  `regularization_review_date` date DEFAULT NULL,
  `regularization_date` date DEFAULT NULL,
  `review_notes` text DEFAULT NULL,
  `reviewed_by` int(11) DEFAULT NULL,
  `reviewed_at` timestamp NULL DEFAULT NULL,
  `next_review_date` date DEFAULT NULL,
  `is_active` tinyint(1) DEFAULT 1,
  `created_at` timestamp NOT NULL DEFAULT current_timestamp(),
  `updated_at` timestamp NULL DEFAULT NULL ON UPDATE current_timestamp()
) ENGINE=InnoDB DEFAULT CHARSET=utf8mb4 COLLATE=utf8mb4_unicode_ci;

-- --------------------------------------------------------

--
-- Table structure for table `employee_salaries`
--

CREATE TABLE `employee_salaries` (
  `id` int(11) NOT NULL,
  `employee_id` int(11) NOT NULL,
  `employee_type` enum('employee','faculty') NOT NULL,
  `current_salary` decimal(10,2) NOT NULL,
  `effective_date` date NOT NULL,
  `created_at` timestamp NOT NULL DEFAULT current_timestamp(),
  `updated_at` timestamp NOT NULL DEFAULT current_timestamp() ON UPDATE current_timestamp()
) ENGINE=InnoDB DEFAULT CHARSET=utf8mb4 COLLATE=utf8mb4_unicode_ci;

-- --------------------------------------------------------

--
-- Table structure for table `employee_salary_history`
--

CREATE TABLE `employee_salary_history` (
  `id` int(11) NOT NULL,
  `employee_id` int(11) NOT NULL COMMENT 'Foreign key to employees table',
  `effective_date` date NOT NULL COMMENT 'Date when salary change took effect',
  `previous_salary` decimal(12,2) DEFAULT NULL COMMENT 'Previous salary amount',
  `new_salary` decimal(12,2) NOT NULL COMMENT 'New salary amount',
  `previous_grade` varchar(20) DEFAULT NULL COMMENT 'Previous salary grade',
  `new_grade` varchar(20) DEFAULT NULL COMMENT 'New salary grade',
  `change_type` enum('Promotion','Merit Increase','Grade Adjustment','Regularization','Cost of Living','Other') NOT NULL COMMENT 'Type of salary change',
  `change_reason` text DEFAULT NULL COMMENT 'Reason for salary change',
  `approved_by` int(11) DEFAULT NULL COMMENT 'User ID who approved the change',
  `remarks` text DEFAULT NULL COMMENT 'Additional remarks',
  `created_at` timestamp NOT NULL DEFAULT current_timestamp(),
  `updated_at` timestamp NULL DEFAULT NULL ON UPDATE current_timestamp()
) ENGINE=InnoDB DEFAULT CHARSET=utf8mb4 COLLATE=utf8mb4_unicode_ci COMMENT='Salary change history tracking for employees';

-- --------------------------------------------------------

--
-- Table structure for table `evaluation_sub_categories`
--

CREATE TABLE `evaluation_sub_categories` (
  `id` int(11) NOT NULL,
  `main_category_id` int(11) NOT NULL,
  `name` varchar(255) NOT NULL,
  `description` text DEFAULT NULL,
  `status` enum('active','inactive') DEFAULT 'active',
  `order_number` int(11) DEFAULT 0,
  `created_by` int(11) NOT NULL,
  `created_by_role` enum('guidance_officer','human_resource','hr_manager','head','teacher','student') NOT NULL,
  `created_at` timestamp NOT NULL DEFAULT current_timestamp(),
  `updated_at` timestamp NULL DEFAULT NULL ON UPDATE current_timestamp()
) ENGINE=InnoDB DEFAULT CHARSET=utf8mb4 COLLATE=utf8mb4_unicode_ci;

--
-- Dumping data for table `evaluation_sub_categories`
--

INSERT INTO `evaluation_sub_categories` (`id`, `main_category_id`, `name`, `description`, `status`, `order_number`, `created_by`, `created_by_role`, `created_at`, `updated_at`) VALUES
(1, 1, 'Classroom Management', 'Evaluation of teacher\'s ability to maintain order and create a conducive learning environment', 'active', 1, 1, 'guidance_officer', '2025-08-10 15:14:16', '2025-10-03 14:47:14'),
(2, 1, 'Teaching Skills', 'Assessment of teacher\'s instructional methods and delivery', 'active', 2, 1, 'guidance_officer', '2025-08-10 15:14:16', '2025-10-03 14:47:14'),
(3, 1, 'Subject Knowledge', 'Evaluation of teacher\'s mastery of the subject matter', 'active', 3, 1, 'guidance_officer', '2025-08-10 15:14:16', '2025-10-03 14:47:14'),
(4, 1, 'Communication Skills', 'Assessment of teacher\'s ability to communicate effectively with students', 'active', 4, 1, 'guidance_officer', '2025-08-10 15:14:16', '2025-10-03 14:47:14'),
(5, 1, 'Student Engagement', 'Evaluation of how well the teacher engages students in learning', 'active', 5, 1, 'guidance_officer', '2025-08-10 15:14:16', '2025-10-03 14:47:14'),
(10, 3, 'Leadership', 'Assessment of leadership qualities and initiative', 'active', 1, 1, 'human_resource', '2025-08-10 15:14:16', '2025-10-03 15:00:28'),
(11, 3, 'Administrative Skills', 'Evaluation of administrative and organizational skills', 'active', 2, 1, 'human_resource', '2025-08-10 15:14:16', '2025-10-03 15:00:28'),
(12, 3, 'Professional Development', 'Assessment of continuous learning and growth', 'active', 3, 1, 'human_resource', '2025-08-10 15:14:16', '2025-10-03 15:00:28'),
(13, 3, 'Compliance', 'Evaluation of adherence to policies and procedures', 'active', 4, 1, 'human_resource', '2025-08-10 15:14:16', '2025-10-03 15:00:28'),
(18, 5, 'Professional Competence', 'Evaluation of colleague\'s professional skills and knowledge', 'active', 1, 1, 'human_resource', '2025-08-14 10:47:27', '2025-10-03 14:58:42'),
(19, 5, 'Collaboration', 'Assessment of teamwork and cooperation with colleagues', 'active', 2, 1, 'human_resource', '2025-08-14 10:47:27', '2025-10-03 14:58:42'),
(20, 5, 'Innovation', 'Evaluation of teaching innovations and creativity', 'active', 3, 1, 'human_resource', '2025-08-14 10:47:27', '2025-10-03 14:58:42'),
(21, 5, 'Mentoring', 'Assessment of ability to mentor and support other teachers', 'active', 4, 1, 'human_resource', '2025-08-14 10:47:27', '2025-10-03 14:58:42');

-- --------------------------------------------------------

--
-- Table structure for table `government_benefit_rates`
--

CREATE TABLE `government_benefit_rates` (
  `id` int(11) NOT NULL,
  `benefit_type` varchar(50) NOT NULL,
  `description` varchar(255) DEFAULT NULL,
  `benefit_category` enum('government','private','universal') DEFAULT 'universal',
  `salary_range_min` decimal(10,2) NOT NULL,
  `salary_range_max` decimal(10,2) NOT NULL,
  `employee_rate` decimal(10,2) NOT NULL,
  `employer_rate` decimal(10,2) DEFAULT 0.00,
  `is_percentage` tinyint(1) DEFAULT 0,
  `effective_date` date NOT NULL,
  `is_active` tinyint(1) DEFAULT 1,
  `created_at` timestamp NOT NULL DEFAULT current_timestamp(),
  `updated_at` timestamp NOT NULL DEFAULT current_timestamp() ON UPDATE current_timestamp()
) ENGINE=InnoDB DEFAULT CHARSET=utf8mb4 COLLATE=utf8mb4_unicode_ci;

--
-- Dumping data for table `government_benefit_rates`
--

INSERT INTO `government_benefit_rates` (`id`, `benefit_type`, `description`, `benefit_category`, `salary_range_min`, `salary_range_max`, `employee_rate`, `employer_rate`, `is_percentage`, `effective_date`, `is_active`, `created_at`, `updated_at`) VALUES
(1, 'sss', 'Social Security System contribution', 'private', 3250.00, 3749.99, 135.00, 517.50, 0, '2024-01-01', 1, '2025-10-07 10:32:33', '2025-10-07 10:51:41'),
(2, 'sss', 'Social Security System contribution', 'private', 3750.00, 4249.99, 157.50, 602.50, 0, '2024-01-01', 1, '2025-10-07 10:32:33', '2025-10-07 10:51:41'),
(3, 'sss', 'Social Security System contribution', 'private', 4250.00, 4749.99, 180.00, 687.50, 0, '2024-01-01', 1, '2025-10-07 10:32:33', '2025-10-07 10:51:41'),
(4, 'sss', 'Social Security System contribution', 'private', 4750.00, 5249.99, 202.50, 772.50, 0, '2024-01-01', 1, '2025-10-07 10:32:33', '2025-10-07 10:51:41'),
(5, 'sss', 'Social Security System contribution', 'private', 5250.00, 5749.99, 225.00, 857.50, 0, '2024-01-01', 1, '2025-10-07 10:32:33', '2025-10-07 10:51:41'),
(6, 'sss', 'Social Security System contribution', 'private', 5750.00, 6249.99, 247.50, 942.50, 0, '2024-01-01', 1, '2025-10-07 10:32:33', '2025-10-07 10:51:41'),
(7, 'sss', 'Social Security System contribution', 'private', 6250.00, 6749.99, 270.00, 1027.50, 0, '2024-01-01', 1, '2025-10-07 10:32:33', '2025-10-07 10:51:41'),
(8, 'sss', 'Social Security System contribution', 'private', 6750.00, 7249.99, 292.50, 1112.50, 0, '2024-01-01', 1, '2025-10-07 10:32:33', '2025-10-07 10:51:41'),
(9, 'sss', 'Social Security System contribution', 'private', 7250.00, 7749.99, 315.00, 1197.50, 0, '2024-01-01', 1, '2025-10-07 10:32:33', '2025-10-07 10:51:41'),
(10, 'sss', 'Social Security System contribution', 'private', 7750.00, 8249.99, 337.50, 1282.50, 0, '2024-01-01', 1, '2025-10-07 10:32:33', '2025-10-07 10:51:41'),
(11, 'sss', 'Social Security System contribution', 'private', 8250.00, 8749.99, 360.00, 1367.50, 0, '2024-01-01', 1, '2025-10-07 10:32:33', '2025-10-07 10:51:41'),
(12, 'sss', 'Social Security System contribution', 'private', 8750.00, 9249.99, 382.50, 1452.50, 0, '2024-01-01', 1, '2025-10-07 10:32:33', '2025-10-07 10:51:41'),
(13, 'sss', 'Social Security System contribution', 'private', 9250.00, 9749.99, 405.00, 1537.50, 0, '2024-01-01', 1, '2025-10-07 10:32:33', '2025-10-07 10:51:41'),
(14, 'sss', 'Social Security System contribution', 'private', 9750.00, 10249.99, 427.50, 1622.50, 0, '2024-01-01', 1, '2025-10-07 10:32:33', '2025-10-07 10:51:41'),
(15, 'sss', 'Social Security System contribution', 'private', 10250.00, 10749.99, 450.00, 1707.50, 0, '2024-01-01', 1, '2025-10-07 10:32:33', '2025-10-07 10:51:41'),
(16, 'sss', 'Social Security System contribution', 'private', 10750.00, 11249.99, 472.50, 1792.50, 0, '2024-01-01', 1, '2025-10-07 10:32:33', '2025-10-07 10:51:41'),
(17, 'sss', 'Social Security System contribution', 'private', 11250.00, 11749.99, 495.00, 1877.50, 0, '2024-01-01', 1, '2025-10-07 10:32:33', '2025-10-07 10:51:41'),
(18, 'sss', 'Social Security System contribution', 'private', 11750.00, 12249.99, 517.50, 1962.50, 0, '2024-01-01', 1, '2025-10-07 10:32:33', '2025-10-07 10:51:41'),
(19, 'sss', 'Social Security System contribution', 'private', 12250.00, 12749.99, 540.00, 2047.50, 0, '2024-01-01', 1, '2025-10-07 10:32:33', '2025-10-07 10:51:41'),
(20, 'sss', 'Social Security System contribution', 'private', 12750.00, 13249.99, 562.50, 2132.50, 0, '2024-01-01', 1, '2025-10-07 10:32:33', '2025-10-07 10:51:41'),
(21, 'sss', 'Social Security System contribution', 'private', 13250.00, 13749.99, 585.00, 2217.50, 0, '2024-01-01', 1, '2025-10-07 10:32:33', '2025-10-07 10:51:41'),
(22, 'sss', 'Social Security System contribution', 'private', 13750.00, 14249.99, 607.50, 2302.50, 0, '2024-01-01', 1, '2025-10-07 10:32:33', '2025-10-07 10:51:41'),
(23, 'sss', 'Social Security System contribution', 'private', 14250.00, 14749.99, 630.00, 2387.50, 0, '2024-01-01', 1, '2025-10-07 10:32:33', '2025-10-07 10:51:41'),
(24, 'sss', 'Social Security System contribution', 'private', 14750.00, 15249.99, 652.50, 2472.50, 0, '2024-01-01', 1, '2025-10-07 10:32:33', '2025-10-07 10:51:41'),
(25, 'sss', 'Social Security System contribution', 'private', 15250.00, 15749.99, 675.00, 2557.50, 0, '2024-01-01', 1, '2025-10-07 10:32:33', '2025-10-07 10:51:41'),
(26, 'sss', 'Social Security System contribution', 'private', 15750.00, 16249.99, 697.50, 2642.50, 0, '2024-01-01', 1, '2025-10-07 10:32:33', '2025-10-07 10:51:41'),
(27, 'sss', 'Social Security System contribution', 'private', 16250.00, 16749.99, 720.00, 2727.50, 0, '2024-01-01', 1, '2025-10-07 10:32:33', '2025-10-07 10:51:41'),
(28, 'sss', 'Social Security System contribution', 'private', 16750.00, 17249.99, 742.50, 2812.50, 0, '2024-01-01', 1, '2025-10-07 10:32:33', '2025-10-07 10:51:41'),
(29, 'sss', 'Social Security System contribution', 'private', 17250.00, 17749.99, 765.00, 2897.50, 0, '2024-01-01', 1, '2025-10-07 10:32:33', '2025-10-07 10:51:41'),
(30, 'sss', 'Social Security System contribution', 'private', 17750.00, 18249.99, 787.50, 2982.50, 0, '2024-01-01', 1, '2025-10-07 10:32:33', '2025-10-07 10:51:41'),
(31, 'sss', 'Social Security System contribution', 'private', 18250.00, 18749.99, 810.00, 3067.50, 0, '2024-01-01', 1, '2025-10-07 10:32:33', '2025-10-07 10:51:41'),
(32, 'sss', 'Social Security System contribution', 'private', 18750.00, 19249.99, 832.50, 3152.50, 0, '2024-01-01', 1, '2025-10-07 10:32:33', '2025-10-07 10:51:41'),
(33, 'sss', 'Social Security System contribution', 'private', 19250.00, 19749.99, 855.00, 3237.50, 0, '2024-01-01', 1, '2025-10-07 10:32:33', '2025-10-07 10:51:41'),
(34, 'sss', 'Social Security System contribution', 'private', 19750.00, 20249.99, 877.50, 3322.50, 0, '2024-01-01', 1, '2025-10-07 10:32:33', '2025-10-07 10:51:41'),
(35, 'sss', 'Social Security System contribution', 'private', 20250.00, 20749.99, 900.00, 3407.50, 0, '2024-01-01', 1, '2025-10-07 10:32:33', '2025-10-07 10:51:41'),
(36, 'sss', 'Social Security System contribution', 'private', 20750.00, 24999.99, 900.00, 3407.50, 0, '2024-01-01', 1, '2025-10-07 10:32:33', '2025-10-07 10:51:41'),
(37, 'sss', 'Social Security System contribution', 'private', 25000.00, 29999.99, 1125.00, 4262.50, 0, '2024-01-01', 1, '2025-10-07 10:32:33', '2025-10-07 10:51:41'),
(38, 'sss', 'Social Security System contribution', 'private', 30000.00, 50000.00, 1350.00, 5117.50, 0, '2024-01-01', 1, '2025-10-07 10:32:33', '2025-10-07 10:51:41'),
(42, 'pagibig', 'Pag-IBIG Fund contribution', 'universal', 0.00, 1500.00, 1.00, 2.00, 1, '2024-01-01', 1, '2025-10-07 10:32:33', '2025-10-07 10:51:41'),
(43, 'pagibig', 'Pag-IBIG Fund contribution', 'universal', 1500.01, 5000.00, 2.00, 2.00, 1, '2024-01-01', 1, '2025-10-07 10:32:33', '2025-10-07 10:51:41'),
(44, 'pagibig', 'Pag-IBIG Fund contribution', 'universal', 5000.01, 9999999.99, 100.00, 100.00, 0, '2024-01-01', 1, '2025-10-07 10:32:33', '2025-10-07 10:51:41'),
(45, 'gsis', 'GSIS Life Insurance Premium', 'government', 0.00, 9999999.99, 1.50, 0.00, 1, '2024-01-01', 1, '2025-10-07 10:51:41', '2025-10-07 10:51:41'),
(46, 'gsis_ps', 'GSIS Personal Share (Employee)', 'government', 0.00, 9999999.99, 9.00, 12.00, 1, '2024-01-01', 1, '2025-10-07 10:51:41', '2025-10-07 10:51:41'),
(47, 'gsis_optional', 'GSIS Optional Life Insurance', 'government', 0.00, 9999999.99, 0.50, 0.00, 1, '2024-01-01', 1, '2025-10-07 10:51:41', '2025-10-07 10:51:41'),
(48, 'philhealth', 'PhilHealth - Below minimum', 'universal', 0.00, 10000.00, 500.00, 500.00, 0, '2024-01-01', 1, '2025-10-07 10:51:41', '2025-10-07 10:51:41'),
(49, 'philhealth', 'PhilHealth - 5% premium rate', 'universal', 10000.01, 99999.99, 2.50, 2.50, 1, '2024-01-01', 1, '2025-10-07 10:51:41', '2025-10-07 10:51:41'),
(50, 'philhealth', 'PhilHealth - Maximum cap', 'universal', 100000.00, 9999999.99, 5000.00, 5000.00, 0, '2024-01-01', 1, '2025-10-07 10:51:41', '2025-10-07 10:51:41');

-- --------------------------------------------------------

--
-- Table structure for table `increment_requests`
--

CREATE TABLE `increment_requests` (
  `id` int(11) NOT NULL,
  `employee_id` int(11) NOT NULL,
  `employee_type` enum('employee','faculty') NOT NULL,
  `increment_type_id` int(11) NOT NULL,
  `current_salary` decimal(10,2) NOT NULL,
  `proposed_salary` decimal(10,2) NOT NULL,
  `increment_amount` decimal(10,2) NOT NULL,
  `reason` text DEFAULT NULL,
  `status` enum('pending','approved','rejected','cancelled') NOT NULL DEFAULT 'pending',
  `requested_by` int(11) NOT NULL,
  `approved_by` int(11) DEFAULT NULL,
  `approved_at` timestamp NULL DEFAULT NULL,
  `created_at` timestamp NOT NULL DEFAULT current_timestamp(),
  `updated_at` timestamp NOT NULL DEFAULT current_timestamp() ON UPDATE current_timestamp()
) ENGINE=InnoDB DEFAULT CHARSET=utf8mb4 COLLATE=utf8mb4_unicode_ci;

-- --------------------------------------------------------

--
-- Table structure for table `increment_types`
--

CREATE TABLE `increment_types` (
  `id` int(11) NOT NULL,
  `name` varchar(100) NOT NULL,
  `description` text DEFAULT NULL,
  `percentage` decimal(5,2) DEFAULT NULL,
  `fixed_amount` decimal(10,2) DEFAULT NULL,
  `is_active` tinyint(1) NOT NULL DEFAULT 1,
  `created_at` timestamp NOT NULL DEFAULT current_timestamp(),
  `updated_at` timestamp NOT NULL DEFAULT current_timestamp() ON UPDATE current_timestamp()
) ENGINE=InnoDB DEFAULT CHARSET=utf8mb4 COLLATE=utf8mb4_unicode_ci;

--
-- Dumping data for table `increment_types`
--

INSERT INTO `increment_types` (`id`, `name`, `description`, `percentage`, `fixed_amount`, `is_active`, `created_at`, `updated_at`) VALUES
(1, 'Regular Increment', 'Regular annual salary increment', 5.00, NULL, 1, '2025-10-07 03:32:20', '2025-10-07 03:32:20'),
(2, 'Performance Increment', 'Performance-based salary increment', 10.00, NULL, 1, '2025-10-07 03:32:20', '2025-10-07 03:32:20'),
(3, 'Promotion Increment', 'Salary increment due to promotion', NULL, 5000.00, 1, '2025-10-07 03:32:20', '2025-10-07 03:32:20'),
(4, 'Merit Increment', 'Merit-based salary increment', 7.50, NULL, 1, '2025-10-07 03:32:20', '2025-10-07 03:32:20');

-- --------------------------------------------------------

--
-- Table structure for table `leave_accumulation_history`
--

CREATE TABLE `leave_accumulation_history` (
  `id` int(11) NOT NULL,
  `employee_id` int(11) NOT NULL,
  `leave_type_id` int(11) NOT NULL,
  `year` int(11) NOT NULL,
  `month` int(11) NOT NULL,
  `accumulated_days` decimal(5,2) NOT NULL,
  `accumulation_date` date NOT NULL,
  `remarks` text DEFAULT NULL,
  `created_at` timestamp NOT NULL DEFAULT current_timestamp()
) ENGINE=InnoDB DEFAULT CHARSET=utf8mb4 COLLATE=utf8mb4_unicode_ci;

-- --------------------------------------------------------

--
-- Table structure for table `leave_notifications`
--

CREATE TABLE `leave_notifications` (
  `id` int(11) NOT NULL,
  `employee_id` int(11) NOT NULL,
  `leave_request_id` int(11) DEFAULT NULL,
  `notification_type` enum('approval','rejection','reminder','expiry','balance_low') NOT NULL,
  `message` text NOT NULL,
  `is_read` tinyint(1) DEFAULT 0,
  `read_at` timestamp NULL DEFAULT NULL,
  `created_at` timestamp NOT NULL DEFAULT current_timestamp()
) ENGINE=InnoDB DEFAULT CHARSET=utf8mb4 COLLATE=utf8mb4_unicode_ci;

-- --------------------------------------------------------

--
-- Table structure for table `leave_types`
--

CREATE TABLE `leave_types` (
  `id` int(11) NOT NULL,
  `name` varchar(100) NOT NULL,
  `description` text DEFAULT NULL,
  `max_days_per_year` int(11) DEFAULT NULL,
  `requires_approval` tinyint(1) NOT NULL DEFAULT 1,
  `is_active` tinyint(1) NOT NULL DEFAULT 1,
  `created_at` timestamp NOT NULL DEFAULT current_timestamp(),
  `updated_at` timestamp NOT NULL DEFAULT current_timestamp() ON UPDATE current_timestamp()
) ENGINE=InnoDB DEFAULT CHARSET=utf8mb4 COLLATE=utf8mb4_unicode_ci;

--
-- Dumping data for table `leave_types`
--

INSERT INTO `leave_types` (`id`, `name`, `description`, `max_days_per_year`, `requires_approval`, `is_active`, `created_at`, `updated_at`) VALUES
(1, 'Vacation Leave', 'Annual vacation leave', 15, 1, 1, '2025-10-07 03:32:20', '2025-10-07 03:32:20'),
(2, 'Sick Leave', 'Medical leave for illness', 15, 1, 1, '2025-10-07 03:32:20', '2025-10-07 03:32:20'),
(3, 'Emergency Leave', 'Emergency situations', 3, 1, 1, '2025-10-07 03:32:20', '2025-10-07 03:32:20'),
(4, 'Maternity Leave', 'Maternity leave for female employees', 105, 1, 1, '2025-10-07 03:32:20', '2025-10-07 03:32:20'),
(5, 'Paternity Leave', 'Paternity leave for male employees', 7, 1, 1, '2025-10-07 03:32:20', '2025-10-07 03:32:20'),
(6, 'Study Leave', 'Leave for educational purposes', 30, 1, 1, '2025-10-07 03:32:20', '2025-10-07 03:32:20');

-- --------------------------------------------------------

--
-- Table structure for table `main_evaluation_categories`
--

CREATE TABLE `main_evaluation_categories` (
  `id` int(11) NOT NULL,
  `name` varchar(255) NOT NULL,
  `description` text DEFAULT NULL,
  `evaluation_type` enum('student_to_teacher','peer_to_peer','head_to_teacher') NOT NULL,
  `status` enum('active','inactive') DEFAULT 'active',
  `created_by` int(11) NOT NULL,
  `created_by_role` enum('guidance_officer','human_resource','hr_manager','head','teacher','student') NOT NULL,
  `created_at` timestamp NOT NULL DEFAULT current_timestamp(),
  `updated_at` timestamp NULL DEFAULT NULL ON UPDATE current_timestamp()
) ENGINE=InnoDB DEFAULT CHARSET=utf8mb4 COLLATE=utf8mb4_unicode_ci;

--
-- Dumping data for table `main_evaluation_categories`
--

INSERT INTO `main_evaluation_categories` (`id`, `name`, `description`, `evaluation_type`, `status`, `created_by`, `created_by_role`, `created_at`, `updated_at`) VALUES
(1, 'Student to Teacher Evaluation', 'Students evaluate their teachers on various aspects of teaching and classroom management', 'student_to_teacher', 'active', 1, 'guidance_officer', '2025-08-10 15:14:16', '2025-10-03 14:46:21'),
(3, 'Head to Teacher Evaluation', 'Department heads and administrators evaluate teachers on leadership and administrative skills', 'head_to_teacher', 'active', 1, 'human_resource', '2025-08-10 15:14:16', '2025-10-03 15:00:24'),
(5, 'Peer to Peer Evaluation', 'Teachers evaluate their colleagues on professional competence and collaboration', 'peer_to_peer', 'active', 1, 'human_resource', '2025-08-14 10:47:27', '2025-10-03 14:58:39');

-- --------------------------------------------------------

--
-- Table structure for table `payroll_adjustments`
--

CREATE TABLE `payroll_adjustments` (
  `id` int(11) NOT NULL,
  `payroll_record_id` int(11) NOT NULL,
  `adjustment_type` enum('addition','deduction') NOT NULL,
  `amount` decimal(10,2) NOT NULL,
  `reason` varchar(255) NOT NULL,
  `approved_by` int(11) DEFAULT NULL,
  `created_by` int(11) NOT NULL,
  `created_at` timestamp NOT NULL DEFAULT current_timestamp()
) ENGINE=InnoDB DEFAULT CHARSET=utf8mb4 COLLATE=utf8mb4_unicode_ci;

-- --------------------------------------------------------

--
-- Table structure for table `payroll_audit_log`
--

CREATE TABLE `payroll_audit_log` (
  `id` int(11) NOT NULL,
  `payroll_period_id` int(11) DEFAULT NULL,
  `payroll_record_id` int(11) DEFAULT NULL,
  `action` varchar(100) NOT NULL,
  `description` text DEFAULT NULL,
  `old_values` longtext CHARACTER SET utf8mb4 COLLATE utf8mb4_bin DEFAULT NULL CHECK (json_valid(`old_values`)),
  `new_values` longtext CHARACTER SET utf8mb4 COLLATE utf8mb4_bin DEFAULT NULL CHECK (json_valid(`new_values`)),
  `performed_by` int(11) NOT NULL,
  `ip_address` varchar(45) DEFAULT NULL,
  `user_agent` varchar(255) DEFAULT NULL,
  `created_at` timestamp NOT NULL DEFAULT current_timestamp()
) ENGINE=InnoDB DEFAULT CHARSET=utf8mb4 COLLATE=utf8mb4_unicode_ci;

-- --------------------------------------------------------

--
-- Table structure for table `payroll_custom_deductions`
--

CREATE TABLE `payroll_custom_deductions` (
  `id` int(11) NOT NULL,
  `payroll_record_id` int(11) NOT NULL,
  `deduction_type_id` int(11) NOT NULL,
  `amount` decimal(10,2) NOT NULL,
  `notes` varchar(255) DEFAULT NULL,
  `created_at` timestamp NOT NULL DEFAULT current_timestamp()
) ENGINE=InnoDB DEFAULT CHARSET=utf8mb4 COLLATE=utf8mb4_unicode_ci;

-- --------------------------------------------------------

--
-- Table structure for table `payroll_custom_earnings`
--

CREATE TABLE `payroll_custom_earnings` (
  `id` int(11) NOT NULL,
  `payroll_record_id` int(11) NOT NULL,
  `earning_type_id` int(11) NOT NULL,
  `amount` decimal(10,2) NOT NULL,
  `notes` varchar(255) DEFAULT NULL,
  `created_at` timestamp NOT NULL DEFAULT current_timestamp()
) ENGINE=InnoDB DEFAULT CHARSET=utf8mb4 COLLATE=utf8mb4_unicode_ci;

-- --------------------------------------------------------

--
-- Table structure for table `payroll_deduction_types`
--

CREATE TABLE `payroll_deduction_types` (
  `id` int(11) NOT NULL,
  `code` varchar(50) NOT NULL,
  `name` varchar(100) NOT NULL,
  `description` text DEFAULT NULL,
  `category` enum('mandatory','government','loan','attendance','other') DEFAULT 'other',
  `is_percentage` tinyint(1) DEFAULT 0,
  `default_value` decimal(10,2) DEFAULT 0.00,
  `is_active` tinyint(1) DEFAULT 1,
  `sort_order` int(11) DEFAULT 0,
  `created_at` timestamp NOT NULL DEFAULT current_timestamp(),
  `updated_at` timestamp NOT NULL DEFAULT current_timestamp() ON UPDATE current_timestamp()
) ENGINE=InnoDB DEFAULT CHARSET=utf8mb4 COLLATE=utf8mb4_unicode_ci;

--
-- Dumping data for table `payroll_deduction_types`
--

INSERT INTO `payroll_deduction_types` (`id`, `code`, `name`, `description`, `category`, `is_percentage`, `default_value`, `is_active`, `sort_order`, `created_at`, `updated_at`) VALUES
(1, 'SSS', 'SSS Contribution', 'Social Security System (Private Sector employees only)', 'mandatory', 0, 0.00, 1, 4, '2025-10-07 09:49:04', '2025-10-07 11:53:54'),
(2, 'PHIC', 'PhilHealth Contribution', 'Philippine Health Insurance mandatory contribution', 'mandatory', 0, 0.00, 1, 5, '2025-10-07 09:49:04', '2025-10-07 11:53:54'),
(3, 'HDMF', 'Pag-IBIG Contribution', 'Home Development Mutual Fund mandatory contribution', 'mandatory', 0, 0.00, 1, 6, '2025-10-07 09:49:04', '2025-10-07 11:53:54'),
(4, 'WTAX', 'Withholding Tax', 'Income tax withholding', 'mandatory', 0, 0.00, 1, 7, '2025-10-07 09:49:04', '2025-10-07 11:53:54'),
(5, 'SSS_LOAN', 'SSS Loan', 'SSS salary loan deduction', 'loan', 0, 0.00, 1, 8, '2025-10-07 09:49:04', '2025-10-07 11:53:54'),
(6, 'HDMF_LOAN', 'Pag-IBIG Loan', 'Pag-IBIG housing loan deduction', 'loan', 0, 0.00, 1, 9, '2025-10-07 09:49:04', '2025-10-07 11:53:54'),
(7, 'SALARY_LOAN', 'Salary Loan', 'Company salary loan deduction', 'loan', 0, 0.00, 1, 10, '2025-10-07 09:49:04', '2025-10-07 11:53:54'),
(8, 'LATE', 'Late Deduction', 'Deduction for late arrivals', 'attendance', 0, 0.00, 1, 11, '2025-10-07 09:49:04', '2025-10-07 11:53:54'),
(9, 'UNDERTIME', 'Undertime Deduction', 'Deduction for undertime', 'attendance', 0, 0.00, 1, 12, '2025-10-07 09:49:04', '2025-10-07 11:53:54'),
(10, 'ABSENCE', 'Absence Deduction', 'Deduction for absences', 'attendance', 0, 0.00, 1, 13, '2025-10-07 09:49:04', '2025-10-07 11:53:54'),
(11, 'UNIFORMS', 'Uniforms', 'Uniform purchase deduction', 'other', 0, 0.00, 1, 14, '2025-10-07 09:49:04', '2025-10-07 11:53:54'),
(12, 'CASH_ADVANCE', 'Cash Advance', 'Cash advance deduction', 'other', 0, 0.00, 1, 15, '2025-10-07 09:49:04', '2025-10-07 11:53:54'),
(13, 'GSIS_LIFE', 'GSIS Life Insurance', 'GSIS Life Insurance Premium (1.5% of basic salary)', 'government', 1, 1.50, 1, 1, '2025-10-07 11:53:54', '2025-10-07 11:53:54'),
(14, 'GSIS_PS', 'GSIS Personal Share', 'GSIS Personal Share - Employee Contribution (9% of basic salary)', 'government', 1, 9.00, 1, 2, '2025-10-07 11:53:54', '2025-10-07 11:53:54'),
(15, 'GSIS_OPTIONAL', 'GSIS Optional Life', 'GSIS Optional Life Insurance (0.5% of basic salary)', 'government', 1, 0.50, 1, 3, '2025-10-07 11:53:54', '2025-10-07 11:53:54');

-- --------------------------------------------------------

--
-- Table structure for table `payroll_earning_types`
--

CREATE TABLE `payroll_earning_types` (
  `id` int(11) NOT NULL,
  `code` varchar(50) NOT NULL,
  `name` varchar(100) NOT NULL,
  `description` text DEFAULT NULL,
  `category` enum('regular','overtime','allowance','bonus','other') DEFAULT 'other',
  `is_taxable` tinyint(1) DEFAULT 1,
  `is_active` tinyint(1) DEFAULT 1,
  `sort_order` int(11) DEFAULT 0,
  `created_at` timestamp NOT NULL DEFAULT current_timestamp(),
  `updated_at` timestamp NOT NULL DEFAULT current_timestamp() ON UPDATE current_timestamp()
) ENGINE=InnoDB DEFAULT CHARSET=utf8mb4 COLLATE=utf8mb4_unicode_ci;

--
-- Dumping data for table `payroll_earning_types`
--

INSERT INTO `payroll_earning_types` (`id`, `code`, `name`, `description`, `category`, `is_taxable`, `is_active`, `sort_order`, `created_at`, `updated_at`) VALUES
(1, 'BASIC', 'Basic Pay', 'Regular monthly salary', 'regular', 1, 1, 1, '2025-10-07 09:49:04', '2025-10-07 09:49:04'),
(2, 'OVERTIME', 'Overtime Pay', 'Overtime hours payment (1.25x)', 'overtime', 1, 1, 2, '2025-10-07 09:49:04', '2025-10-07 09:49:04'),
(3, 'NIGHT_DIFF', 'Night Differential', 'Night shift differential (10%)', 'overtime', 1, 1, 3, '2025-10-07 09:49:04', '2025-10-07 09:49:04'),
(4, 'HOLIDAY', 'Holiday Pay', 'Holiday premium pay', 'overtime', 1, 1, 4, '2025-10-07 09:49:04', '2025-10-07 09:49:04'),
(5, 'REST_DAY', 'Rest Day Pay', 'Rest day premium pay', 'overtime', 1, 1, 5, '2025-10-07 09:49:04', '2025-10-07 09:49:04'),
(6, 'ALLOWANCE', 'Allowances', 'Monthly allowances', 'allowance', 1, 1, 6, '2025-10-07 09:49:04', '2025-10-07 09:49:04'),
(7, '13TH_MONTH', '13th Month Pay', '13th month pay (tax-exempt up to 90k)', 'bonus', 0, 1, 7, '2025-10-07 09:49:04', '2025-10-07 09:49:04'),
(8, 'PERFORMANCE_BONUS', 'Performance Bonus', 'Performance-based bonus', 'bonus', 1, 1, 8, '2025-10-07 09:49:04', '2025-10-07 09:49:04'),
(9, 'RICE_SUBSIDY', 'Rice Subsidy', 'Rice subsidy allowance', 'allowance', 0, 1, 9, '2025-10-07 09:49:04', '2025-10-07 09:49:04'),
(10, 'TRANSPORTATION', 'Transportation Allowance', 'Transportation allowance', 'allowance', 0, 1, 10, '2025-10-07 09:49:04', '2025-10-07 09:49:04');

-- --------------------------------------------------------

--
-- Table structure for table `payroll_periods`
--

CREATE TABLE `payroll_periods` (
  `id` int(11) NOT NULL,
  `period_name` varchar(100) NOT NULL,
  `period_type` enum('monthly','semi-monthly','bi-weekly','weekly') DEFAULT 'monthly',
  `start_date` date NOT NULL,
  `end_date` date NOT NULL,
  `payment_date` date NOT NULL,
  `status` enum('draft','open','processing','calculated','approved','paid','closed') DEFAULT 'draft',
  `total_employees` int(11) DEFAULT 0,
  `total_gross_pay` decimal(15,2) DEFAULT 0.00,
  `total_deductions` decimal(15,2) DEFAULT 0.00,
  `total_net_pay` decimal(15,2) DEFAULT 0.00,
  `notes` text DEFAULT NULL,
  `created_by` int(11) NOT NULL,
  `approved_by` int(11) DEFAULT NULL,
  `approved_at` timestamp NULL DEFAULT NULL,
  `created_at` timestamp NOT NULL DEFAULT current_timestamp(),
  `updated_at` timestamp NOT NULL DEFAULT current_timestamp() ON UPDATE current_timestamp()
) ENGINE=InnoDB DEFAULT CHARSET=utf8mb4 COLLATE=utf8mb4_unicode_ci;

--
-- Dumping data for table `payroll_periods`
--

INSERT INTO `payroll_periods` (`id`, `period_name`, `period_type`, `start_date`, `end_date`, `payment_date`, `status`, `total_employees`, `total_gross_pay`, `total_deductions`, `total_net_pay`, `notes`, `created_by`, `approved_by`, `approved_at`, `created_at`, `updated_at`) VALUES
(1, 'April 2025 - 1st Half', 'semi-monthly', '2025-04-01', '2025-04-15', '2025-04-20', 'closed', 0, 0.00, 0.00, 0.00, NULL, 1, NULL, NULL, '2025-10-19 17:26:44', '2025-10-19 17:26:44'),
(2, 'April 2025 - 2nd Half', 'semi-monthly', '2025-04-16', '2025-04-30', '2025-05-05', 'closed', 0, 0.00, 0.00, 0.00, NULL, 1, NULL, NULL, '2025-10-19 17:26:44', '2025-10-19 17:26:44'),
(3, 'May 2025 - 1st Half', 'semi-monthly', '2025-05-01', '2025-05-15', '2025-05-20', 'closed', 0, 0.00, 0.00, 0.00, NULL, 1, NULL, NULL, '2025-10-19 17:26:44', '2025-10-19 17:26:44'),
(4, 'May 2025 - 2nd Half', 'semi-monthly', '2025-05-16', '2025-05-31', '2025-06-05', 'closed', 0, 0.00, 0.00, 0.00, NULL, 1, NULL, NULL, '2025-10-19 17:26:44', '2025-10-19 17:26:44'),
(5, 'June 2025 - 1st Half', 'semi-monthly', '2025-06-01', '2025-06-15', '2025-06-20', 'closed', 0, 0.00, 0.00, 0.00, NULL, 1, NULL, NULL, '2025-10-19 17:26:44', '2025-10-19 17:26:44'),
(6, 'June 2025 - 2nd Half', 'semi-monthly', '2025-06-16', '2025-06-30', '2025-07-05', 'closed', 0, 0.00, 0.00, 0.00, NULL, 1, NULL, NULL, '2025-10-19 17:26:44', '2025-10-19 17:26:44'),
(7, 'July 2025 - 1st Half', 'semi-monthly', '2025-07-01', '2025-07-15', '2025-07-20', 'closed', 0, 0.00, 0.00, 0.00, NULL, 1, NULL, NULL, '2025-10-19 17:26:44', '2025-10-19 17:26:44'),
(8, 'July 2025 - 2nd Half', 'semi-monthly', '2025-07-16', '2025-07-31', '2025-08-05', 'closed', 0, 0.00, 0.00, 0.00, NULL, 1, NULL, NULL, '2025-10-19 17:26:44', '2025-10-19 17:26:44'),
(9, 'August 2025 - 1st Half', 'semi-monthly', '2025-08-01', '2025-08-15', '2025-08-20', 'closed', 0, 0.00, 0.00, 0.00, NULL, 1, NULL, NULL, '2025-10-19 17:26:44', '2025-10-19 17:26:44'),
(10, 'August 2025 - 2nd Half', 'semi-monthly', '2025-08-16', '2025-08-31', '2025-09-05', 'closed', 0, 0.00, 0.00, 0.00, NULL, 1, NULL, NULL, '2025-10-19 17:26:44', '2025-10-19 17:26:44'),
(11, 'September 2025 - 1st Half', 'semi-monthly', '2025-09-01', '2025-09-15', '2025-09-20', 'closed', 0, 0.00, 0.00, 0.00, NULL, 1, NULL, NULL, '2025-10-19 17:26:44', '2025-10-19 17:26:44'),
(12, 'September 2025 - 2nd Half', 'semi-monthly', '2025-09-16', '2025-09-30', '2025-10-05', 'closed', 0, 0.00, 0.00, 0.00, NULL, 1, NULL, NULL, '2025-10-19 17:26:44', '2025-10-19 17:26:44'),
(13, 'October 2025 - 1st Half', 'semi-monthly', '2025-10-01', '2025-10-15', '2025-10-20', 'closed', 0, 0.00, 0.00, 0.00, NULL, 1, NULL, NULL, '2025-10-19 17:26:44', '2025-10-19 17:26:44'),
(14, 'October 2025 - 2nd Half', 'semi-monthly', '2025-10-16', '2025-10-31', '2025-11-05', 'open', 0, 0.00, 0.00, 0.00, NULL, 1, NULL, NULL, '2025-10-19 17:26:44', '2025-10-19 17:26:44'),
(15, 'November 2025 - 1st Half', 'semi-monthly', '2025-11-01', '2025-11-15', '2025-11-20', 'draft', 0, 0.00, 0.00, 0.00, NULL, 1, NULL, NULL, '2025-10-19 17:26:44', '2025-10-19 17:26:44'),
(16, 'November 2025 - 2nd Half', 'semi-monthly', '2025-11-16', '2025-11-30', '2025-12-05', 'draft', 0, 0.00, 0.00, 0.00, NULL, 1, NULL, NULL, '2025-10-19 17:26:44', '2025-10-19 17:26:44'),
(17, 'December 2025 - 1st Half', 'semi-monthly', '2025-12-01', '2025-12-15', '2025-12-20', 'draft', 0, 0.00, 0.00, 0.00, NULL, 1, NULL, NULL, '2025-10-19 17:26:44', '2025-10-19 17:26:44'),
(18, 'December 2025 - 2nd Half', 'semi-monthly', '2025-12-16', '2025-12-31', '2026-01-05', 'draft', 0, 0.00, 0.00, 0.00, NULL, 1, NULL, NULL, '2025-10-19 17:26:44', '2025-10-19 17:26:44'),
(19, 'January 2026 - 1st Half', 'semi-monthly', '2026-01-01', '2026-01-15', '2026-01-20', 'draft', 0, 0.00, 0.00, 0.00, NULL, 1, NULL, NULL, '2025-10-19 17:26:44', '2025-10-19 17:26:44'),
(20, 'January 2026 - 2nd Half', 'semi-monthly', '2026-01-16', '2026-01-31', '2026-02-05', 'draft', 0, 0.00, 0.00, 0.00, NULL, 1, NULL, NULL, '2025-10-19 17:26:44', '2025-10-19 17:26:44');

-- --------------------------------------------------------

--
-- Table structure for table `payroll_records`
--

CREATE TABLE `payroll_records` (
  `id` int(11) NOT NULL,
  `payroll_period_id` int(11) NOT NULL,
  `employee_id` int(11) NOT NULL,
  `employee_name` varchar(200) NOT NULL,
  `employee_number` varchar(50) DEFAULT NULL,
  `department` varchar(100) DEFAULT NULL,
  `position` varchar(100) DEFAULT NULL,
  `regular_hours` decimal(8,2) DEFAULT 0.00,
  `overtime_hours` decimal(8,2) DEFAULT 0.00,
  `night_diff_hours` decimal(8,2) DEFAULT 0.00,
  `holiday_hours` decimal(8,2) DEFAULT 0.00,
  `rest_day_hours` decimal(8,2) DEFAULT 0.00,
  `hourly_rate` decimal(10,2) NOT NULL,
  `daily_rate` decimal(10,2) NOT NULL,
  `monthly_rate` decimal(12,2) NOT NULL,
  `overtime_rate` decimal(10,2) DEFAULT 0.00,
  `night_diff_rate` decimal(10,2) DEFAULT 0.00,
  `basic_pay` decimal(12,2) DEFAULT 0.00,
  `overtime_pay` decimal(10,2) DEFAULT 0.00,
  `night_diff_pay` decimal(10,2) DEFAULT 0.00,
  `holiday_pay` decimal(10,2) DEFAULT 0.00,
  `allowances` decimal(10,2) DEFAULT 0.00,
  `bonuses` decimal(10,2) DEFAULT 0.00,
  `other_earnings` decimal(10,2) DEFAULT 0.00,
  `gross_pay` decimal(12,2) DEFAULT 0.00,
  `sss_contribution` decimal(10,2) DEFAULT 0.00,
  `philhealth_contribution` decimal(10,2) DEFAULT 0.00,
  `pagibig_contribution` decimal(10,2) DEFAULT 0.00,
  `withholding_tax` decimal(10,2) DEFAULT 0.00,
  `sss_loan` decimal(10,2) DEFAULT 0.00,
  `pagibig_loan` decimal(10,2) DEFAULT 0.00,
  `salary_loan` decimal(10,2) DEFAULT 0.00,
  `late_deduction` decimal(10,2) DEFAULT 0.00,
  `undertime_deduction` decimal(10,2) DEFAULT 0.00,
  `absences_deduction` decimal(10,2) DEFAULT 0.00,
  `other_deductions` decimal(10,2) DEFAULT 0.00,
  `total_deductions` decimal(12,2) DEFAULT 0.00,
  `net_pay` decimal(12,2) DEFAULT 0.00,
  `status` enum('draft','calculated','approved','paid','void') DEFAULT 'draft',
  `notes` text DEFAULT NULL,
  `created_at` timestamp NOT NULL DEFAULT current_timestamp(),
  `updated_at` timestamp NOT NULL DEFAULT current_timestamp() ON UPDATE current_timestamp()
) ENGINE=InnoDB DEFAULT CHARSET=utf8mb4 COLLATE=utf8mb4_unicode_ci;

-- --------------------------------------------------------

--
-- Table structure for table `performance_reviews`
--

CREATE TABLE `performance_reviews` (
  `id` int(11) NOT NULL,
  `employee_id` int(11) NOT NULL,
  `employee_type` enum('faculty','staff','admin') NOT NULL DEFAULT 'faculty',
  `reviewer_id` int(11) NOT NULL,
  `review_period_start` date NOT NULL,
  `review_period_end` date NOT NULL,
  `review_type` enum('annual','semi_annual','quarterly','probationary','promotion','special') NOT NULL DEFAULT 'annual',
  `status` enum('draft','in_progress','completed','approved','rejected') NOT NULL DEFAULT 'draft',
  `overall_rating` decimal(5,2) DEFAULT NULL,
  `overall_percentage` decimal(5,2) DEFAULT NULL,
  `goals_achieved` text DEFAULT NULL,
  `areas_of_strength` text DEFAULT NULL,
  `areas_for_improvement` text DEFAULT NULL,
  `development_plan` text DEFAULT NULL,
  `recommendations` text DEFAULT NULL,
  `manager_comments` text DEFAULT NULL,
  `employee_comments` text DEFAULT NULL,
  `next_review_date` date DEFAULT NULL,
  `approved_by` int(11) DEFAULT NULL,
  `approved_at` timestamp NULL DEFAULT NULL,
  `created_at` timestamp NOT NULL DEFAULT current_timestamp(),
  `updated_at` timestamp NOT NULL DEFAULT current_timestamp() ON UPDATE current_timestamp()
) ENGINE=InnoDB DEFAULT CHARSET=utf8mb4 COLLATE=utf8mb4_unicode_ci;

-- --------------------------------------------------------

--
-- Table structure for table `performance_review_categories`
--

CREATE TABLE `performance_review_categories` (
  `id` int(11) NOT NULL,
  `category_name` varchar(255) NOT NULL,
  `description` text DEFAULT NULL,
  `weight_percentage` decimal(5,2) DEFAULT 0.00,
  `display_order` int(11) DEFAULT 0,
  `is_active` tinyint(1) DEFAULT 1,
  `created_at` timestamp NOT NULL DEFAULT current_timestamp()
) ENGINE=InnoDB DEFAULT CHARSET=utf8mb4 COLLATE=utf8mb4_unicode_ci;

--
-- Dumping data for table `performance_review_categories`
--

INSERT INTO `performance_review_categories` (`id`, `category_name`, `description`, `weight_percentage`, `display_order`, `is_active`, `created_at`) VALUES
(1, 'Job Knowledge', 'Understanding of job responsibilities and technical skills', 20.00, 1, 1, '2025-10-07 05:38:02'),
(2, 'Quality of Work', 'Accuracy, thoroughness, and excellence', 25.00, 2, 1, '2025-10-07 05:38:02'),
(3, 'Productivity', 'Efficiency and timeliness in completing tasks', 20.00, 3, 1, '2025-10-07 05:38:02'),
(4, 'Communication', 'Verbal and written communication effectiveness', 15.00, 4, 1, '2025-10-07 05:38:02'),
(5, 'Teamwork', 'Collaboration and interpersonal skills', 10.00, 5, 1, '2025-10-07 05:38:02'),
(6, 'Initiative', 'Proactive behavior and problem-solving', 10.00, 6, 1, '2025-10-07 05:38:02'),
(7, 'Job Knowledge', 'Understanding of job responsibilities and technical skills', 20.00, 1, 1, '2025-10-07 05:39:08'),
(8, 'Quality of Work', 'Accuracy, thoroughness, and excellence', 25.00, 2, 1, '2025-10-07 05:39:08'),
(9, 'Productivity', 'Efficiency and timeliness in completing tasks', 20.00, 3, 1, '2025-10-07 05:39:08'),
(10, 'Communication', 'Verbal and written communication effectiveness', 15.00, 4, 1, '2025-10-07 05:39:08'),
(11, 'Teamwork', 'Collaboration and interpersonal skills', 10.00, 5, 1, '2025-10-07 05:39:08'),
(12, 'Initiative', 'Proactive behavior and problem-solving', 10.00, 6, 1, '2025-10-07 05:39:08');

-- --------------------------------------------------------

--
-- Table structure for table `performance_review_criteria`
--

CREATE TABLE `performance_review_criteria` (
  `id` int(11) NOT NULL,
  `category_id` int(11) NOT NULL,
  `criteria_name` varchar(255) NOT NULL,
  `description` text DEFAULT NULL,
  `max_score` int(11) DEFAULT 5,
  `display_order` int(11) DEFAULT 0,
  `is_active` tinyint(1) DEFAULT 1,
  `created_at` timestamp NOT NULL DEFAULT current_timestamp()
) ENGINE=InnoDB DEFAULT CHARSET=utf8mb4 COLLATE=utf8mb4_unicode_ci;

-- --------------------------------------------------------

--
-- Table structure for table `performance_review_goals`
--

CREATE TABLE `performance_review_goals` (
  `id` int(11) NOT NULL,
  `performance_review_id` int(11) NOT NULL,
  `goal_description` text NOT NULL,
  `target_date` date DEFAULT NULL,
  `status` enum('pending','in_progress','completed','cancelled') DEFAULT 'pending',
  `completion_date` date DEFAULT NULL,
  `completion_notes` text DEFAULT NULL,
  `created_at` timestamp NOT NULL DEFAULT current_timestamp(),
  `updated_at` timestamp NULL DEFAULT NULL ON UPDATE current_timestamp()
) ENGINE=InnoDB DEFAULT CHARSET=utf8mb4 COLLATE=utf8mb4_unicode_ci;

-- --------------------------------------------------------

--
-- Table structure for table `performance_review_scores`
--

CREATE TABLE `performance_review_scores` (
  `id` int(11) NOT NULL,
  `performance_review_id` int(11) NOT NULL,
  `criteria_id` int(11) NOT NULL,
  `score` decimal(5,2) NOT NULL,
  `comments` text DEFAULT NULL,
  `created_at` timestamp NOT NULL DEFAULT current_timestamp()
) ENGINE=InnoDB DEFAULT CHARSET=utf8mb4 COLLATE=utf8mb4_unicode_ci;

-- --------------------------------------------------------

--
-- Table structure for table `regularization_criteria`
--

CREATE TABLE `regularization_criteria` (
  `id` int(11) NOT NULL,
  `criteria_name` varchar(255) NOT NULL,
  `criteria_description` text DEFAULT NULL,
  `minimum_months` int(11) DEFAULT 6,
  `performance_rating_min` decimal(3,2) DEFAULT 3.00,
  `attendance_percentage_min` decimal(5,2) DEFAULT 95.00,
  `disciplinary_issues_max` int(11) DEFAULT 0,
  `training_completion_required` tinyint(1) DEFAULT 0,
  `evaluation_score_min` decimal(5,2) DEFAULT 75.00,
  `additional_requirements` text DEFAULT NULL,
  `is_active` tinyint(1) DEFAULT 1,
  `created_at` timestamp NOT NULL DEFAULT current_timestamp(),
  `updated_at` timestamp NOT NULL DEFAULT current_timestamp() ON UPDATE current_timestamp(),
  `created_by` int(11) DEFAULT NULL,
  `updated_by` int(11) DEFAULT NULL
) ENGINE=InnoDB DEFAULT CHARSET=utf8mb4 COLLATE=utf8mb4_unicode_ci;

--
-- Dumping data for table `regularization_criteria`
--

INSERT INTO `regularization_criteria` (`id`, `criteria_name`, `criteria_description`, `minimum_months`, `performance_rating_min`, `attendance_percentage_min`, `disciplinary_issues_max`, `training_completion_required`, `evaluation_score_min`, `additional_requirements`, `is_active`, `created_at`, `updated_at`, `created_by`, `updated_by`) VALUES
(1, 'Standard Employee Regularization', 'Standard criteria for employee regularization in government service', 6, 3.00, 95.00, 0, 1, 75.00, NULL, 1, '2025-10-07 05:32:11', '2025-10-07 05:32:11', NULL, NULL),
(2, 'Standard Employee Regularization', 'Standard criteria for employee regularization in government service', 6, 3.00, 95.00, 0, 1, 75.00, NULL, 1, '2025-10-07 05:39:08', '2025-10-07 05:39:08', NULL, NULL);

-- --------------------------------------------------------

--
-- Table structure for table `regularization_notifications`
--

CREATE TABLE `regularization_notifications` (
  `id` int(11) NOT NULL,
  `employee_id` int(11) NOT NULL,
  `notification_type` enum('upcoming_review','review_due','probation_ending','regularized','extended','terminated') NOT NULL,
  `notification_date` date NOT NULL,
  `is_sent` tinyint(1) DEFAULT 0,
  `sent_at` timestamp NULL DEFAULT NULL,
  `created_at` timestamp NOT NULL DEFAULT current_timestamp()
) ENGINE=InnoDB DEFAULT CHARSET=utf8mb4 COLLATE=utf8mb4_unicode_ci;

-- --------------------------------------------------------

--
-- Table structure for table `regularization_reviews`
--

CREATE TABLE `regularization_reviews` (
  `id` int(11) NOT NULL,
  `employee_regularization_id` int(11) NOT NULL,
  `review_date` date NOT NULL,
  `reviewer_id` int(11) NOT NULL,
  `status_id` int(11) NOT NULL,
  `performance_rating` decimal(3,2) DEFAULT NULL,
  `attendance_percentage` decimal(5,2) DEFAULT NULL,
  `evaluation_score` decimal(5,2) DEFAULT NULL,
  `disciplinary_issues` int(11) DEFAULT 0,
  `training_completed` tinyint(1) DEFAULT 0,
  `review_comments` text DEFAULT NULL,
  `recommendation` enum('approve','extend','terminate') DEFAULT NULL,
  `created_at` timestamp NOT NULL DEFAULT current_timestamp()
) ENGINE=InnoDB DEFAULT CHARSET=utf8mb4 COLLATE=utf8mb4_unicode_ci;

-- --------------------------------------------------------

--
-- Table structure for table `regularization_status`
--

CREATE TABLE `regularization_status` (
  `id` int(11) NOT NULL,
  `name` varchar(50) NOT NULL,
  `description` text DEFAULT NULL,
  `color` varchar(20) DEFAULT '#6B7280',
  `is_active` tinyint(1) DEFAULT 1,
  `created_at` timestamp NOT NULL DEFAULT current_timestamp()
) ENGINE=InnoDB DEFAULT CHARSET=utf8mb4 COLLATE=utf8mb4_unicode_ci;

--
-- Dumping data for table `regularization_status`
--

INSERT INTO `regularization_status` (`id`, `name`, `description`, `color`, `is_active`, `created_at`) VALUES
(1, 'Probationary', 'Currently in probation period', '#F59E0B', 1, '2025-10-07 05:31:56'),
(2, 'Under Review', 'Currently under review for regularization', '#3B82F6', 1, '2025-10-07 05:31:56'),
(3, 'Regular', 'Successfully regularized', '#10B981', 1, '2025-10-07 05:31:56'),
(4, 'Extended Probation', 'Probation period extended', '#F97316', 1, '2025-10-07 05:31:56'),
(5, 'Terminated', 'Employment terminated', '#EF4444', 1, '2025-10-07 05:31:56'),
(6, 'Pending Review', 'Awaiting review process', '#8B5CF6', 1, '2025-10-07 05:31:56'),
(7, 'Resigned', 'Employee has resigned from position', '#6B7280', 1, '2025-10-07 05:31:56');

-- --------------------------------------------------------

--
-- Table structure for table `salary_audit_log`
--

CREATE TABLE `salary_audit_log` (
  `id` int(11) NOT NULL,
  `employee_id` int(11) NOT NULL,
  `action_type` enum('view','update','delete','export') NOT NULL,
  `field_changed` varchar(100) DEFAULT NULL,
  `old_value` text DEFAULT NULL,
  `new_value` text DEFAULT NULL,
  `change_reason` text DEFAULT NULL,
  `performed_by` int(11) NOT NULL,
  `ip_address` varchar(45) DEFAULT NULL,
  `user_agent` text DEFAULT NULL,
  `created_at` timestamp NOT NULL DEFAULT current_timestamp()
) ENGINE=InnoDB DEFAULT CHARSET=utf8mb4 COLLATE=utf8mb4_unicode_ci;

-- --------------------------------------------------------

--
-- Table structure for table `salary_increments`
--

CREATE TABLE `salary_increments` (
  `id` int(11) NOT NULL,
  `employee_id` int(11) NOT NULL,
  `salary_structure_id` int(11) NOT NULL,
  `current_salary` decimal(10,2) NOT NULL,
  `increment_amount` decimal(10,2) NOT NULL,
  `new_salary` decimal(10,2) NOT NULL,
  `increment_percentage` decimal(5,2) NOT NULL,
  `increment_type` enum('regular','promotion','merit','cost_of_living','special') DEFAULT 'regular',
  `incrementation_name` varchar(100) DEFAULT NULL,
  `incrementation_description` text DEFAULT NULL,
  `incrementation_amount` decimal(10,2) DEFAULT NULL,
  `incrementation_frequency_years` int(11) DEFAULT 1,
  `effective_date` date NOT NULL,
  `reason` text DEFAULT NULL,
  `status` enum('pending','approved','rejected','implemented') DEFAULT 'pending',
  `approved_by` int(11) DEFAULT NULL,
  `approved_at` timestamp NULL DEFAULT NULL,
  `created_by` int(11) NOT NULL,
  `created_at` timestamp NOT NULL DEFAULT current_timestamp(),
  `updated_at` timestamp NULL DEFAULT NULL ON UPDATE current_timestamp()
) ENGINE=InnoDB DEFAULT CHARSET=utf8mb4 COLLATE=utf8mb4_unicode_ci;

-- --------------------------------------------------------

--
-- Table structure for table `salary_structures`
--

CREATE TABLE `salary_structures` (
  `id` int(11) NOT NULL,
  `position_title` varchar(100) NOT NULL,
  `department` varchar(100) NOT NULL,
  `grade_level` varchar(20) NOT NULL,
  `base_salary` decimal(10,2) NOT NULL,
  `minimum_salary` decimal(10,2) NOT NULL,
  `maximum_salary` decimal(10,2) NOT NULL,
  `increment_percentage` decimal(5,2) DEFAULT 5.00,
  `increment_frequency` enum('annual','bi-annual','quarterly','monthly') DEFAULT 'annual',
  `incrementation_name` varchar(100) DEFAULT NULL,
  `incrementation_description` text DEFAULT NULL,
  `incrementation_amount` decimal(10,2) DEFAULT NULL,
  `incrementation_frequency_years` int(11) DEFAULT 1,
  `is_active` tinyint(1) DEFAULT 1,
  `created_by` int(11) NOT NULL,
  `created_at` timestamp NOT NULL DEFAULT current_timestamp(),
  `updated_at` timestamp NULL DEFAULT NULL ON UPDATE current_timestamp()
) ENGINE=InnoDB DEFAULT CHARSET=utf8mb4 COLLATE=utf8mb4_unicode_ci;

--
-- Dumping data for table `salary_structures`
--

INSERT INTO `salary_structures` (`id`, `position_title`, `department`, `grade_level`, `base_salary`, `minimum_salary`, `maximum_salary`, `increment_percentage`, `increment_frequency`, `incrementation_name`, `incrementation_description`, `incrementation_amount`, `incrementation_frequency_years`, `is_active`, `created_by`, `created_at`, `updated_at`) VALUES
(1, 'Administrative Aide I', 'Administration', 'SG-1', 13000.00, 13000.00, 15000.00, 3.00, 'annual', '0', 'Annual step increment', 390.00, 3, 1, 1, '2025-10-19 14:50:37', NULL),
(2, 'Administrative Aide II', 'Administration', 'SG-2', 13572.00, 13572.00, 16000.00, 3.00, 'annual', '0', 'Annual step increment', 407.16, 3, 1, 1, '2025-10-19 14:50:37', NULL),
(3, 'Administrative Aide III', 'Administration', 'SG-3', 14159.00, 14159.00, 17000.00, 3.00, 'annual', '0', 'Annual step increment', 424.77, 3, 1, 1, '2025-10-19 14:50:37', NULL),
(4, 'Administrative Assistant I', 'Administration', 'SG-4', 14762.00, 14762.00, 18500.00, 3.00, 'annual', '0', 'Annual step increment', 442.86, 3, 1, 1, '2025-10-19 14:50:37', NULL),
(5, 'Administrative Assistant II', 'Administration', 'SG-5', 15380.00, 15380.00, 20000.00, 3.00, 'annual', '0', 'Annual step increment', 461.40, 3, 1, 1, '2025-10-19 14:50:37', NULL),
(6, 'Administrative Assistant III', 'Administration', 'SG-6', 16019.00, 16019.00, 21500.00, 3.00, 'annual', '0', 'Annual step increment', 480.57, 3, 1, 1, '2025-10-19 14:50:37', NULL),
(7, 'Administrative Officer I', 'Administration', 'SG-8', 17679.00, 17679.00, 24000.00, 3.00, 'annual', '0', 'Annual step increment', 530.37, 3, 1, 1, '2025-10-19 14:50:37', NULL),
(8, 'Administrative Officer II', 'Administration', 'SG-9', 18426.00, 18426.00, 26000.00, 3.00, 'annual', '0', 'Annual step increment', 552.78, 3, 1, 1, '2025-10-19 14:50:37', NULL),
(9, 'Administrative Officer III', 'Administration', 'SG-11', 20179.00, 20179.00, 30000.00, 3.00, 'annual', '0', 'Annual step increment', 605.37, 3, 1, 1, '2025-10-19 14:50:37', NULL),
(10, 'Administrative Officer IV', 'Administration', 'SG-12', 21024.00, 21024.00, 32000.00, 3.00, 'annual', '0', 'Annual step increment', 630.72, 3, 1, 1, '2025-10-19 14:50:37', NULL),
(11, 'Administrative Officer V', 'Administration', 'SG-13', 21901.00, 21901.00, 35000.00, 3.00, 'annual', '0', 'Annual step increment', 657.03, 3, 1, 1, '2025-10-19 14:50:37', NULL),
(12, 'Records Officer I', 'Human Resources', 'SG-8', 17679.00, 17679.00, 24000.00, 3.00, 'annual', '0', 'Annual step increment', 530.37, 3, 1, 1, '2025-10-19 14:50:37', NULL),
(13, 'Records Officer II', 'Human Resources', 'SG-9', 18426.00, 18426.00, 26000.00, 3.00, 'annual', '0', 'Annual step increment', 552.78, 3, 1, 1, '2025-10-19 14:50:37', NULL),
(14, 'HR Assistant I', 'Human Resources', 'SG-6', 16019.00, 16019.00, 21500.00, 3.00, 'annual', '0', 'Annual step increment', 480.57, 3, 1, 1, '2025-10-19 14:50:37', NULL),
(15, 'HR Assistant II', 'Human Resources', 'SG-8', 17679.00, 17679.00, 24000.00, 3.00, 'annual', '0', 'Annual step increment', 530.37, 3, 1, 1, '2025-10-19 14:50:37', NULL),
(16, 'HR Officer I', 'Human Resources', 'SG-11', 20179.00, 20179.00, 30000.00, 3.00, 'annual', '0', 'Annual step increment', 605.37, 3, 1, 1, '2025-10-19 14:50:37', NULL),
(17, 'HR Officer II', 'Human Resources', 'SG-13', 21901.00, 21901.00, 35000.00, 3.00, 'annual', '0', 'Annual step increment', 657.03, 3, 1, 1, '2025-10-19 14:50:37', NULL),
(18, 'HR Officer III', 'Human Resources', 'SG-15', 24316.00, 24316.00, 40000.00, 3.00, 'annual', '0', 'Annual step increment', 729.48, 3, 1, 1, '2025-10-19 14:50:37', NULL),
(19, 'Accounting Clerk I', 'Finance', 'SG-4', 14762.00, 14762.00, 18500.00, 3.00, 'annual', '0', 'Annual step increment', 442.86, 3, 1, 1, '2025-10-19 14:50:37', NULL),
(20, 'Accounting Clerk II', 'Finance', 'SG-5', 15380.00, 15380.00, 20000.00, 3.00, 'annual', '0', 'Annual step increment', 461.40, 3, 1, 1, '2025-10-19 14:50:37', NULL),
(21, 'Bookkeeper I', 'Finance', 'SG-6', 16019.00, 16019.00, 21500.00, 3.00, 'annual', '0', 'Annual step increment', 480.57, 3, 1, 1, '2025-10-19 14:50:37', NULL),
(22, 'Bookkeeper II', 'Finance', 'SG-8', 17679.00, 17679.00, 24000.00, 3.00, 'annual', '0', 'Annual step increment', 530.37, 3, 1, 1, '2025-10-19 14:50:37', NULL),
(23, 'Accountant I', 'Finance', 'SG-11', 20179.00, 20179.00, 30000.00, 3.00, 'annual', '0', 'Annual step increment', 605.37, 3, 1, 1, '2025-10-19 14:50:37', NULL),
(24, 'Accountant II', 'Finance', 'SG-13', 21901.00, 21901.00, 35000.00, 3.00, 'annual', '0', 'Annual step increment', 657.03, 3, 1, 1, '2025-10-19 14:50:37', NULL),
(25, 'Accountant III', 'Finance', 'SG-15', 24316.00, 24316.00, 40000.00, 3.00, 'annual', '0', 'Annual step increment', 729.48, 3, 1, 1, '2025-10-19 14:50:37', NULL),
(26, 'Budget Officer I', 'Finance', 'SG-11', 20179.00, 20179.00, 30000.00, 3.00, 'annual', '0', 'Annual step increment', 605.37, 3, 1, 1, '2025-10-19 14:50:37', NULL),
(27, 'Budget Officer II', 'Finance', 'SG-13', 21901.00, 21901.00, 35000.00, 3.00, 'annual', '0', 'Annual step increment', 657.03, 3, 1, 1, '2025-10-19 14:50:37', NULL),
(28, 'Nurse I', 'Medical Services', 'SG-11', 20179.00, 20179.00, 32000.00, 3.00, 'annual', '0', 'Annual step increment', 605.37, 3, 1, 1, '2025-10-19 14:50:37', NULL),
(29, 'Nurse II', 'Medical Services', 'SG-13', 21901.00, 21901.00, 35000.00, 3.00, 'annual', '0', 'Annual step increment', 657.03, 3, 1, 1, '2025-10-19 14:50:37', NULL),
(30, 'Nurse III', 'Medical Services', 'SG-15', 24316.00, 24316.00, 40000.00, 3.00, 'annual', '0', 'Annual step increment', 729.48, 3, 1, 1, '2025-10-19 14:50:37', NULL),
(31, 'Nurse IV', 'Medical Services', 'SG-17', 27000.00, 27000.00, 45000.00, 3.00, 'annual', '0', 'Annual step increment', 810.00, 3, 1, 1, '2025-10-19 14:50:37', NULL),
(32, 'Senior Nurse', 'Medical Services', 'SG-18', 28164.00, 28164.00, 48000.00, 3.00, 'annual', '0', 'Annual step increment', 844.92, 3, 1, 1, '2025-10-19 14:50:37', NULL),
(33, 'Chief Nurse', 'Medical Services', 'SG-19', 29359.00, 29359.00, 52000.00, 3.00, 'annual', '0', 'Annual step increment', 880.77, 3, 1, 1, '2025-10-19 14:50:37', NULL),
(34, 'Public Health Nurse I', 'Medical Services', 'SG-11', 20179.00, 20179.00, 32000.00, 3.00, 'annual', '0', 'Annual step increment', 605.37, 3, 1, 1, '2025-10-19 14:50:37', NULL),
(35, 'Public Health Nurse II', 'Medical Services', 'SG-13', 21901.00, 21901.00, 35000.00, 3.00, 'annual', '0', 'Annual step increment', 657.03, 3, 1, 1, '2025-10-19 14:50:37', NULL),
(36, 'Computer Operator I', 'Information Technology', 'SG-6', 16019.00, 16019.00, 21500.00, 3.00, 'annual', '0', 'Annual step increment', 480.57, 3, 1, 1, '2025-10-19 14:50:37', NULL),
(37, 'Computer Operator II', 'Information Technology', 'SG-8', 17679.00, 17679.00, 24000.00, 3.00, 'annual', '0', 'Annual step increment', 530.37, 3, 1, 1, '2025-10-19 14:50:37', NULL),
(38, 'IT Assistant', 'Information Technology', 'SG-9', 18426.00, 18426.00, 26000.00, 3.00, 'annual', '0', 'Annual step increment', 552.78, 3, 1, 1, '2025-10-19 14:50:37', NULL),
(39, 'IT Specialist I', 'Information Technology', 'SG-11', 20179.00, 20179.00, 30000.00, 3.00, 'annual', '0', 'Annual step increment', 605.37, 3, 1, 1, '2025-10-19 14:50:37', NULL),
(40, 'IT Specialist II', 'Information Technology', 'SG-13', 21901.00, 21901.00, 35000.00, 3.00, 'annual', '0', 'Annual step increment', 657.03, 3, 1, 1, '2025-10-19 14:50:37', NULL),
(41, 'IT Specialist III', 'Information Technology', 'SG-15', 24316.00, 24316.00, 40000.00, 3.00, 'annual', '0', 'Annual step increment', 729.48, 3, 1, 1, '2025-10-19 14:50:37', NULL),
(42, 'Systems Analyst I', 'Information Technology', 'SG-15', 24316.00, 24316.00, 40000.00, 3.00, 'annual', '0', 'Annual step increment', 729.48, 3, 1, 1, '2025-10-19 14:50:37', NULL),
(43, 'Systems Analyst II', 'Information Technology', 'SG-17', 27000.00, 27000.00, 45000.00, 3.00, 'annual', '0', 'Annual step increment', 810.00, 3, 1, 1, '2025-10-19 14:50:37', NULL),
(44, 'Supervising Administrative Officer', 'Administration', 'SG-15', 24316.00, 24316.00, 42000.00, 3.00, 'annual', '0', 'Annual step increment', 729.48, 3, 1, 1, '2025-10-19 14:50:37', NULL),
(45, 'Chief Administrative Officer', 'Administration', 'SG-18', 28164.00, 28164.00, 52000.00, 3.00, 'annual', '0', 'Annual step increment', 844.92, 3, 1, 1, '2025-10-19 14:50:37', NULL),
(46, 'Division Chief', 'Administration', 'SG-22', 43415.00, 43415.00, 75000.00, 3.00, 'annual', '0', 'Annual step increment', 1302.45, 3, 1, 1, '2025-10-19 14:50:37', NULL),
(47, 'Assistant Department Manager', 'Administration', 'SG-24', 54251.00, 54251.00, 95000.00, 3.00, 'annual', '0', 'Annual step increment', 1627.53, 3, 1, 1, '2025-10-19 14:50:37', NULL),
(48, 'Department Manager', 'Administration', 'SG-25', 60021.00, 60021.00, 110000.00, 3.00, 'annual', '0', 'Annual step increment', 1800.63, 3, 1, 1, '2025-10-19 14:50:37', NULL),
(49, 'Legal Assistant', 'Legal', 'SG-8', 17679.00, 17679.00, 24000.00, 3.00, 'annual', '0', 'Annual step increment', 530.37, 3, 1, 1, '2025-10-19 14:50:37', NULL),
(50, 'Attorney I', 'Legal', 'SG-18', 28164.00, 28164.00, 50000.00, 3.00, 'annual', '0', 'Annual step increment', 844.92, 3, 1, 1, '2025-10-19 14:50:37', NULL),
(51, 'Attorney II', 'Legal', 'SG-19', 29359.00, 29359.00, 55000.00, 3.00, 'annual', '0', 'Annual step increment', 880.77, 3, 1, 1, '2025-10-19 14:50:37', NULL),
(52, 'Attorney III', 'Legal', 'SG-20', 30590.00, 30590.00, 60000.00, 3.00, 'annual', '0', 'Annual step increment', 917.70, 3, 1, 1, '2025-10-19 14:50:37', NULL),
(53, 'Attorney IV', 'Legal', 'SG-22', 43415.00, 43415.00, 80000.00, 3.00, 'annual', '0', 'Annual step increment', 1302.45, 3, 1, 1, '2025-10-19 14:50:37', NULL),
(54, 'Engineering Assistant', 'Engineering', 'SG-8', 17679.00, 17679.00, 24000.00, 3.00, 'annual', '0', 'Annual step increment', 530.37, 3, 1, 1, '2025-10-19 14:50:37', NULL),
(55, 'Engineer I', 'Engineering', 'SG-13', 21901.00, 21901.00, 35000.00, 3.00, 'annual', '0', 'Annual step increment', 657.03, 3, 1, 1, '2025-10-19 14:50:37', NULL),
(56, 'Engineer II', 'Engineering', 'SG-15', 24316.00, 24316.00, 40000.00, 3.00, 'annual', '0', 'Annual step increment', 729.48, 3, 1, 1, '2025-10-19 14:50:37', NULL),
(57, 'Engineer III', 'Engineering', 'SG-17', 27000.00, 27000.00, 45000.00, 3.00, 'annual', '0', 'Annual step increment', 810.00, 3, 1, 1, '2025-10-19 14:50:37', NULL),
(58, 'Engineer IV', 'Engineering', 'SG-19', 29359.00, 29359.00, 52000.00, 3.00, 'annual', '0', 'Annual step increment', 880.77, 3, 1, 1, '2025-10-19 14:50:37', NULL),
(59, 'Senior Engineer', 'Engineering', 'SG-22', 43415.00, 43415.00, 75000.00, 3.00, 'annual', '0', 'Annual step increment', 1302.45, 3, 1, 1, '2025-10-19 14:50:37', NULL),
(60, 'Executive Assistant I', 'Executive Office', 'SG-18', 28164.00, 28164.00, 50000.00, 3.00, 'annual', '0', 'Annual step increment', 844.92, 3, 1, 1, '2025-10-19 14:50:37', NULL),
(61, 'Executive Assistant II', 'Executive Office', 'SG-20', 30590.00, 30590.00, 55000.00, 3.00, 'annual', '0', 'Annual step increment', 917.70, 3, 1, 1, '2025-10-19 14:50:37', NULL),
(62, 'Assistant Director', 'Executive Office', 'SG-26', 66374.00, 66374.00, 125000.00, 3.00, 'annual', '0', 'Annual step increment', 1991.22, 3, 1, 1, '2025-10-19 14:50:37', NULL),
(63, 'Director', 'Executive Office', 'SG-27', 73402.00, 73402.00, 150000.00, 3.00, 'annual', '0', 'Annual step increment', 2202.06, 3, 1, 1, '2025-10-19 14:50:37', NULL),
(64, 'Assistant Administrator', 'Executive Office', 'SG-29', 88611.00, 88611.00, 180000.00, 3.00, 'annual', '0', 'Annual step increment', 2658.33, 3, 1, 1, '2025-10-19 14:50:37', NULL),
(65, 'Administrator', 'Executive Office', 'SG-30', 98087.00, 98087.00, 200000.00, 3.00, 'annual', '0', 'Annual step increment', 2942.61, 3, 1, 1, '2025-10-19 14:50:37', NULL);

-- --------------------------------------------------------

--
-- Table structure for table `settings`
--

CREATE TABLE `settings` (
  `id` int(11) NOT NULL,
  `setting_key` varchar(100) NOT NULL,
  `setting_value` text DEFAULT NULL,
  `description` varchar(255) DEFAULT NULL,
  `created_at` timestamp NOT NULL DEFAULT current_timestamp(),
  `updated_at` timestamp NOT NULL DEFAULT current_timestamp() ON UPDATE current_timestamp()
) ENGINE=InnoDB DEFAULT CHARSET=utf8mb4 COLLATE=utf8mb4_unicode_ci;

--
-- Dumping data for table `settings`
--

INSERT INTO `settings` (`id`, `setting_key`, `setting_value`, `description`, `created_at`, `updated_at`) VALUES
(1, 'organization_name', 'NIA', 'Organization Name', '2025-10-07 03:25:50', '2025-10-07 03:25:50'),
(2, 'organization_logo', '', 'Organization Logo Path', '2025-10-07 03:25:50', '2025-10-07 03:25:50'),
(3, 'site_title', 'NIA-HRIS', 'Site Title', '2025-10-07 03:25:50', '2025-10-07 03:25:50'),
(4, 'site_description', 'NIA Human Resource Information System', 'Site Description', '2025-10-07 03:25:50', '2025-10-07 03:25:50');

-- --------------------------------------------------------

--
-- Table structure for table `tax_brackets`
--

CREATE TABLE `tax_brackets` (
  `id` int(11) NOT NULL,
  `bracket_name` varchar(100) NOT NULL,
  `income_min` decimal(10,2) NOT NULL,
  `income_max` decimal(10,2) DEFAULT NULL,
  `base_tax` decimal(10,2) NOT NULL DEFAULT 0.00,
  `tax_rate` decimal(5,2) NOT NULL,
  `effective_date` date NOT NULL,
  `is_active` tinyint(1) DEFAULT 1,
  `created_at` timestamp NOT NULL DEFAULT current_timestamp(),
  `updated_at` timestamp NOT NULL DEFAULT current_timestamp() ON UPDATE current_timestamp()
) ENGINE=InnoDB DEFAULT CHARSET=utf8mb4 COLLATE=utf8mb4_unicode_ci;

--
-- Dumping data for table `tax_brackets`
--

INSERT INTO `tax_brackets` (`id`, `bracket_name`, `income_min`, `income_max`, `base_tax`, `tax_rate`, `effective_date`, `is_active`, `created_at`, `updated_at`) VALUES
(1, 'Below 250,000', 0.00, 250000.00, 0.00, 0.00, '2024-01-01', 1, '2025-10-07 10:32:33', '2025-10-07 10:32:33'),
(2, '250,000 - 400,000', 250000.00, 400000.00, 0.00, 15.00, '2024-01-01', 1, '2025-10-07 10:32:33', '2025-10-07 10:32:33'),
(3, '400,000 - 800,000', 400000.00, 800000.00, 22500.00, 20.00, '2024-01-01', 1, '2025-10-07 10:32:33', '2025-10-07 10:32:33'),
(4, '800,000 - 2,000,000', 800000.00, 2000000.00, 102500.00, 25.00, '2024-01-01', 1, '2025-10-07 10:32:33', '2025-10-07 10:32:33'),
(5, '2,000,000 - 8,000,000', 2000000.00, 8000000.00, 402500.00, 30.00, '2024-01-01', 1, '2025-10-07 10:32:33', '2025-10-07 10:32:33'),
(6, 'Above 8,000,000', 8000000.00, NULL, 2202500.00, 35.00, '2024-01-01', 1, '2025-10-07 10:32:33', '2025-10-07 10:32:33');

-- --------------------------------------------------------

--
-- Table structure for table `trainings_seminars`
--

CREATE TABLE `trainings_seminars` (
  `id` int(11) NOT NULL,
  `title` varchar(255) NOT NULL,
  `description` text DEFAULT NULL,
  `type` enum('training','seminar','workshop','conference') NOT NULL,
  `category_id` int(11) DEFAULT NULL,
  `main_category_id` int(11) DEFAULT NULL COMMENT 'Linked to evaluation main category',
  `sub_category_id` int(11) DEFAULT NULL COMMENT 'Linked to evaluation sub-category',
  `duration_hours` decimal(5,2) DEFAULT NULL,
  `max_participants` int(11) DEFAULT NULL,
  `venue` varchar(255) DEFAULT NULL,
  `start_date` datetime NOT NULL,
  `end_date` datetime NOT NULL,
  `registration_deadline` datetime DEFAULT NULL,
  `status` enum('draft','published','ongoing','completed','cancelled') DEFAULT 'draft',
  `is_mandatory` tinyint(1) DEFAULT 0,
  `certificate_provided` tinyint(1) DEFAULT 0,
  `materials_provided` tinyint(1) DEFAULT 0,
  `cost` decimal(10,2) DEFAULT 0.00,
  `created_by` int(11) NOT NULL,
  `created_by_role` enum('guidance_officer','human_resource','hr_manager','head','teacher','student') NOT NULL,
  `created_at` timestamp NOT NULL DEFAULT current_timestamp(),
  `updated_at` timestamp NULL DEFAULT NULL ON UPDATE current_timestamp()
) ENGINE=InnoDB DEFAULT CHARSET=utf8mb4 COLLATE=utf8mb4_unicode_ci;

--
-- Dumping data for table `trainings_seminars`
--

INSERT INTO `trainings_seminars` (`id`, `title`, `description`, `type`, `category_id`, `main_category_id`, `sub_category_id`, `duration_hours`, `max_participants`, `venue`, `start_date`, `end_date`, `registration_deadline`, `status`, `is_mandatory`, `certificate_provided`, `materials_provided`, `cost`, `created_by`, `created_by_role`, `created_at`, `updated_at`) VALUES
(1, 'Effective Classroom Management Strategies', 'Comprehensive workshop on effective classroom management strategies, behavior management techniques, and creating positive learning environments.', 'training', 1, 1, 1, 8.00, 25, 'Conference Room A', '2025-09-15 09:00:00', '2025-09-15 17:00:00', '2024-03-10 17:00:00', 'published', 0, 1, 1, 0.00, 1, 'guidance_officer', '2025-08-13 04:23:02', '2025-10-03 15:11:56'),
(2, 'Modern Teaching Methodologies Workshop', 'Advanced training on modern teaching methodologies, instructional design, and active learning strategies for enhanced student engagement.', 'workshop', 2, 1, 2, 6.00, 20, 'Training Hall B', '2025-09-20 09:00:00', '2025-09-20 15:00:00', '2024-03-15 17:00:00', 'published', 0, 1, 1, 500.00, 1, 'guidance_officer', '2025-08-13 04:23:02', '2025-10-03 15:11:56'),
(3, 'Technology Integration in Education', 'Workshop on integrating technology tools and digital resources into classroom instruction for improved learning outcomes.', 'seminar', 3, 1, 4, 4.00, 30, 'Computer Lab 1', '2025-09-25 13:00:00', '2025-09-25 17:00:00', '2024-03-20 17:00:00', 'published', 0, 1, 0, 0.00, 1, 'guidance_officer', '2025-08-13 04:23:02', '2025-10-03 15:11:56'),
(4, 'Student Engagement Techniques', 'Discover methods to increase student participation and motivation', 'training', 4, 1, 5, 6.00, 25, 'Conference Room C', '2024-04-01 09:00:00', '2024-04-01 15:00:00', '2024-03-27 17:00:00', 'draft', 0, 1, 1, 0.00, 1, 'guidance_officer', '2025-08-13 04:23:02', '2025-10-03 15:11:56'),
(5, 'Assessment and Evaluation Best Practices', 'Learn effective assessment strategies and evaluation methods', 'seminar', 5, 1, 2, 4.00, 35, 'Lecture Hall', '2024-04-05 14:00:00', '2024-04-05 18:00:00', '2024-04-01 17:00:00', 'draft', 0, 1, 0, 0.00, 1, 'guidance_officer', '2025-08-13 04:23:02', '2025-10-03 15:11:56');

-- --------------------------------------------------------

--
-- Table structure for table `training_categories`
--

CREATE TABLE `training_categories` (
  `id` int(11) NOT NULL,
  `name` varchar(255) NOT NULL,
  `description` text DEFAULT NULL,
  `status` enum('active','inactive') DEFAULT 'active',
  `created_by` int(11) NOT NULL,
  `created_by_role` enum('guidance_officer','human_resource','hr_manager','head','teacher','student') NOT NULL,
  `created_at` timestamp NOT NULL DEFAULT current_timestamp(),
  `updated_at` timestamp NULL DEFAULT NULL ON UPDATE current_timestamp()
) ENGINE=InnoDB DEFAULT CHARSET=utf8mb4 COLLATE=utf8mb4_unicode_ci;

--
-- Dumping data for table `training_categories`
--

INSERT INTO `training_categories` (`id`, `name`, `description`, `status`, `created_by`, `created_by_role`, `created_at`, `updated_at`) VALUES
(1, 'Classroom Management', 'Trainings focused on improving classroom discipline and management skills', 'active', 1, 'guidance_officer', '2025-08-13 04:23:02', '2025-10-03 15:11:56'),
(2, 'Teaching Methodologies', 'Seminars on modern teaching techniques and strategies', 'active', 1, 'guidance_officer', '2025-08-13 04:23:02', '2025-10-03 15:11:56'),
(3, 'Technology Integration', 'Workshops on incorporating technology in teaching', 'active', 1, 'guidance_officer', '2025-08-13 04:23:02', '2025-10-03 15:11:56'),
(4, 'Student Engagement', 'Training on methods to increase student participation and engagement', 'active', 1, 'guidance_officer', '2025-08-13 04:23:02', '2025-10-03 15:11:56'),
(5, 'Assessment Strategies', 'Seminars on effective assessment and evaluation methods', 'active', 1, 'guidance_officer', '2025-08-13 04:23:02', '2025-10-03 15:11:56'),
(6, 'Professional Development', 'General professional development and career advancement', 'active', 1, 'guidance_officer', '2025-08-13 04:23:02', '2025-10-03 15:11:56');

-- --------------------------------------------------------

--
-- Table structure for table `training_registrations`
--

CREATE TABLE `training_registrations` (
  `id` int(11) NOT NULL,
  `training_id` int(11) NOT NULL,
  `user_id` int(11) NOT NULL,
  `registration_date` timestamp NOT NULL DEFAULT current_timestamp(),
  `status` enum('registered','attended','completed','no_show','cancelled') DEFAULT 'registered',
  `attendance_date` datetime DEFAULT NULL,
  `completion_date` datetime DEFAULT NULL,
  `certificate_issued` tinyint(1) DEFAULT 0,
  `certificate_issued_date` datetime DEFAULT NULL,
  `feedback_rating` int(11) DEFAULT NULL COMMENT '1-5 rating',
  `feedback_comments` text DEFAULT NULL,
  `created_at` timestamp NOT NULL DEFAULT current_timestamp(),
  `created_by_role` enum('guidance_officer','human_resource','hr_manager','head','teacher','student') NOT NULL,
  `updated_at` timestamp NULL DEFAULT NULL ON UPDATE current_timestamp()
) ENGINE=InnoDB DEFAULT CHARSET=utf8mb4 COLLATE=utf8mb4_unicode_ci;

-- --------------------------------------------------------

--
-- Table structure for table `training_suggestions`
--

CREATE TABLE `training_suggestions` (
  `id` int(11) NOT NULL,
  `user_id` int(11) NOT NULL,
  `training_id` int(11) NOT NULL,
  `suggestion_reason` text NOT NULL COMMENT 'Why this training is suggested',
  `evaluation_category_id` int(11) DEFAULT NULL COMMENT 'Related evaluation category',
  `evaluation_score` decimal(3,2) DEFAULT NULL COMMENT 'Teacher''s score in this category',
  `priority_level` enum('low','medium','high','critical') DEFAULT 'medium',
  `suggested_by` int(11) NOT NULL,
  `suggestion_date` timestamp NOT NULL DEFAULT current_timestamp(),
  `status` enum('pending','accepted','declined','completed') DEFAULT 'pending',
  `response_date` datetime DEFAULT NULL,
  `response_notes` text DEFAULT NULL
) ENGINE=InnoDB DEFAULT CHARSET=utf8mb4 COLLATE=utf8mb4_unicode_ci;

-- --------------------------------------------------------

--
-- Table structure for table `users`
--

CREATE TABLE `users` (
  `id` int(11) NOT NULL,
  `username` varchar(50) NOT NULL,
  `password` varchar(255) NOT NULL,
  `first_name` varchar(100) NOT NULL,
  `last_name` varchar(100) NOT NULL,
  `email` varchar(100) NOT NULL,
  `profile_photo` varchar(255) DEFAULT NULL,
  `role` enum('super_admin','admin','hr_manager','human_resource','nurse') NOT NULL DEFAULT 'human_resource',
  `status` enum('active','inactive') NOT NULL DEFAULT 'active',
  `created_at` timestamp NOT NULL DEFAULT current_timestamp(),
  `updated_at` timestamp NOT NULL DEFAULT current_timestamp() ON UPDATE current_timestamp()
) ENGINE=InnoDB DEFAULT CHARSET=utf8mb4 COLLATE=utf8mb4_unicode_ci;

--
-- Dumping data for table `users`
--

INSERT INTO `users` (`id`, `username`, `password`, `first_name`, `last_name`, `email`, `profile_photo`, `role`, `status`, `created_at`, `updated_at`) VALUES
(1, 'admin', '$2y$10$wyYKEDN890CFfPpsf6s3QOjJEM92zkKcgUN0dMyg5PE1RNY./aktW', 'System', 'Administrator', 'admin@nia-hris.com', 'uploads/hr-photos/hr_1_1759822247.jpg', 'super_admin', 'active', '2025-10-07 03:25:50', '2025-10-19 15:09:33'),
(7, 'superadmin', '$2y$10$jclhvpqF6rg9mUrzCpI9gelzqstrXGKMqG8WEqBip3IAmP.MkHISG', 'Juan', 'Dela Cruz', 'superadmin@nia.gov.ph', NULL, 'super_admin', 'active', '2025-10-19 15:17:28', '2025-10-19 15:17:28'),
(8, 'hrmanager', '$2y$10$BnCeSaPCSHnnS6qLlVsfmuZa82EV.CiBokIz/3YgKBPMmv08q5eCu', 'Maria', 'Garcia', 'hrmanager@nia.gov.ph', NULL, 'hr_manager', 'active', '2025-10-19 15:17:28', '2025-10-19 15:17:28'),
(9, 'hrstaff', '$2y$10$5P4AW5qCJlFmJyXc819SeON67kjXI.16hVUPs4K8KPZKZ05B40HYK', 'Pedro', 'Santos', 'hrstaff@nia.gov.ph', NULL, 'human_resource', 'active', '2025-10-19 15:17:28', '2025-10-19 15:17:28'),
(10, 'nurse1', '$2y$10$.I59afI1SwXz9DrTbqrA6eiOkFfkwWr.i.2lRmGHA0LDj38obuVde', 'Ana', 'Reyes', 'nurse@nia.gov.ph', NULL, 'nurse', 'active', '2025-10-19 15:17:28', '2025-10-19 15:17:28');

-- --------------------------------------------------------

--
-- Stand-in structure for view `v_payroll_statistics`
-- (See below for the actual view)
--
CREATE TABLE `v_payroll_statistics` (
`period_id` int(11)
,`period_name` varchar(100)
,`status` enum('draft','open','processing','calculated','approved','paid','closed')
,`total_employees` bigint(21)
,`total_gross` decimal(34,2)
,`total_deductions` decimal(34,2)
,`total_net` decimal(34,2)
,`average_net_pay` decimal(16,6)
,`total_sss` decimal(32,2)
,`total_philhealth` decimal(32,2)
,`total_pagibig` decimal(32,2)
,`total_tax` decimal(32,2)
);

-- --------------------------------------------------------

--
-- Stand-in structure for view `v_payroll_summary`
-- (See below for the actual view)
--
CREATE TABLE `v_payroll_summary` (
`period_id` int(11)
,`period_name` varchar(100)
,`start_date` date
,`end_date` date
,`payment_date` date
,`period_status` enum('draft','open','processing','calculated','approved','paid','closed')
,`record_id` int(11)
,`employee_id` int(11)
,`employee_name` varchar(200)
,`employee_number` varchar(50)
,`department` varchar(100)
,`position` varchar(100)
,`regular_hours` decimal(8,2)
,`overtime_hours` decimal(8,2)
,`gross_pay` decimal(12,2)
,`total_deductions` decimal(12,2)
,`net_pay` decimal(12,2)
,`record_status` enum('draft','calculated','approved','paid','void')
,`created_by_name` varchar(50)
);

-- --------------------------------------------------------

--
-- Structure for view `v_payroll_statistics`
--
DROP TABLE IF EXISTS `v_payroll_statistics`;

CREATE ALGORITHM=UNDEFINED DEFINER=`root`@`localhost` SQL SECURITY DEFINER VIEW `v_payroll_statistics`  AS SELECT `pp`.`id` AS `period_id`, `pp`.`period_name` AS `period_name`, `pp`.`status` AS `status`, count(`pr`.`id`) AS `total_employees`, sum(`pr`.`gross_pay`) AS `total_gross`, sum(`pr`.`total_deductions`) AS `total_deductions`, sum(`pr`.`net_pay`) AS `total_net`, avg(`pr`.`net_pay`) AS `average_net_pay`, sum(`pr`.`sss_contribution`) AS `total_sss`, sum(`pr`.`philhealth_contribution`) AS `total_philhealth`, sum(`pr`.`pagibig_contribution`) AS `total_pagibig`, sum(`pr`.`withholding_tax`) AS `total_tax` FROM (`payroll_periods` `pp` left join `payroll_records` `pr` on(`pp`.`id` = `pr`.`payroll_period_id`)) GROUP BY `pp`.`id`, `pp`.`period_name`, `pp`.`status` ;

-- --------------------------------------------------------

--
-- Structure for view `v_payroll_summary`
--
DROP TABLE IF EXISTS `v_payroll_summary`;

CREATE ALGORITHM=UNDEFINED DEFINER=`root`@`localhost` SQL SECURITY DEFINER VIEW `v_payroll_summary`  AS SELECT `pp`.`id` AS `period_id`, `pp`.`period_name` AS `period_name`, `pp`.`start_date` AS `start_date`, `pp`.`end_date` AS `end_date`, `pp`.`payment_date` AS `payment_date`, `pp`.`status` AS `period_status`, `pr`.`id` AS `record_id`, `pr`.`employee_id` AS `employee_id`, `pr`.`employee_name` AS `employee_name`, `pr`.`employee_number` AS `employee_number`, `pr`.`department` AS `department`, `pr`.`position` AS `position`, `pr`.`regular_hours` AS `regular_hours`, `pr`.`overtime_hours` AS `overtime_hours`, `pr`.`gross_pay` AS `gross_pay`, `pr`.`total_deductions` AS `total_deductions`, `pr`.`net_pay` AS `net_pay`, `pr`.`status` AS `record_status`, `u`.`username` AS `created_by_name` FROM ((`payroll_periods` `pp` left join `payroll_records` `pr` on(`pp`.`id` = `pr`.`payroll_period_id`)) left join `users` `u` on(`pp`.`created_by` = `u`.`id`)) ORDER BY `pp`.`created_at` DESC, `pr`.`employee_name` ASC ;

--
-- Indexes for dumped tables
--

--
-- Indexes for table `activity_log`
--
ALTER TABLE `activity_log`
  ADD PRIMARY KEY (`id`),
  ADD KEY `user_id` (`user_id`);

--
-- Indexes for table `degrees`
--
ALTER TABLE `degrees`
  ADD PRIMARY KEY (`id`),
  ADD UNIQUE KEY `degree_name` (`degree_name`),
  ADD KEY `created_by` (`created_by`),
  ADD KEY `updated_by` (`updated_by`),
  ADD KEY `idx_degree_name` (`degree_name`),
  ADD KEY `idx_is_active` (`is_active`),
  ADD KEY `idx_sort_order` (`sort_order`);

--
-- Indexes for table `departments`
--
ALTER TABLE `departments`
  ADD PRIMARY KEY (`id`),
  ADD KEY `created_by` (`created_by`);

--
-- Indexes for table `employees`
--
ALTER TABLE `employees`
  ADD PRIMARY KEY (`id`),
  ADD UNIQUE KEY `employee_id` (`employee_id`),
  ADD UNIQUE KEY `email` (`email`),
  ADD KEY `idx_department` (`department`),
  ADD KEY `idx_employee_type` (`employee_type`),
  ADD KEY `idx_department_id` (`department_id`);

--
-- Indexes for table `employee_benefits`
--
ALTER TABLE `employee_benefits`
  ADD PRIMARY KEY (`id`),
  ADD KEY `idx_employee_benefits` (`employee_id`,`benefit_type`),
  ADD KEY `idx_benefit_type` (`benefit_type`),
  ADD KEY `idx_effective_date` (`effective_date`),
  ADD KEY `idx_is_active` (`is_active`);

--
-- Indexes for table `employee_benefit_configurations`
--
ALTER TABLE `employee_benefit_configurations`
  ADD PRIMARY KEY (`id`),
  ADD UNIQUE KEY `unique_employee` (`employee_id`);

--
-- Indexes for table `employee_details`
--
ALTER TABLE `employee_details`
  ADD PRIMARY KEY (`id`),
  ADD UNIQUE KEY `uk_employee_id` (`employee_id`) COMMENT 'One detail record per employee',
  ADD KEY `idx_employment_type` (`employment_type`) COMMENT 'Index for employment type filtering',
  ADD KEY `idx_job_level` (`job_level`) COMMENT 'Index for job level filtering',
  ADD KEY `idx_salary_grade` (`salary_grade`) COMMENT 'Index for salary grade queries',
  ADD KEY `idx_regularization_date` (`regularization_date`) COMMENT 'Index for regularization tracking',
  ADD KEY `idx_tin_number` (`tin_number`) COMMENT 'Index for TIN lookups',
  ADD KEY `idx_sss_number` (`sss_number`) COMMENT 'Index for SSS lookups',
  ADD KEY `idx_philhealth_number` (`philhealth_number`) COMMENT 'Index for PhilHealth lookups',
  ADD KEY `idx_pagibig_number` (`pagibig_number`) COMMENT 'Index for PAG-IBIG lookups',
  ADD KEY `idx_prc_license` (`prc_license_number`) COMMENT 'Index for PRC license lookups',
  ADD KEY `idx_created_at` (`created_at`) COMMENT 'Index for creation date queries',
  ADD KEY `fk_employee_details_created_by` (`created_by`),
  ADD KEY `fk_employee_details_updated_by` (`updated_by`);

--
-- Indexes for table `employee_dtr_cards`
--
ALTER TABLE `employee_dtr_cards`
  ADD PRIMARY KEY (`id`),
  ADD KEY `uploaded_by` (`uploaded_by`),
  ADD KEY `verified_by` (`verified_by`),
  ADD KEY `idx_employee_period` (`employee_id`,`period_start_date`,`period_end_date`),
  ADD KEY `idx_payroll_period` (`payroll_period_id`),
  ADD KEY `idx_status` (`status`),
  ADD KEY `idx_upload_date` (`upload_date`);

--
-- Indexes for table `employee_leave_allowances`
--
ALTER TABLE `employee_leave_allowances`
  ADD PRIMARY KEY (`id`),
  ADD UNIQUE KEY `unique_employee_year_type` (`employee_id`,`leave_type_id`,`year`),
  ADD KEY `idx_employee_id` (`employee_id`),
  ADD KEY `idx_year` (`year`),
  ADD KEY `idx_leave_type` (`leave_type_id`),
  ADD KEY `idx_is_regular` (`is_regular`),
  ADD KEY `idx_can_accumulate` (`can_accumulate`);

--
-- Indexes for table `employee_leave_requests`
--
ALTER TABLE `employee_leave_requests`
  ADD PRIMARY KEY (`id`),
  ADD KEY `idx_employee_id` (`employee_id`),
  ADD KEY `idx_leave_type_id` (`leave_type_id`),
  ADD KEY `idx_start_date` (`start_date`),
  ADD KEY `idx_status` (`status`),
  ADD KEY `idx_department_head_approval` (`department_head_approval`),
  ADD KEY `idx_hr_approval` (`hr_approval`),
  ADD KEY `department_head_id` (`department_head_id`),
  ADD KEY `hr_approver_id` (`hr_approver_id`);

--
-- Indexes for table `employee_medical_history`
--
ALTER TABLE `employee_medical_history`
  ADD PRIMARY KEY (`id`),
  ADD KEY `recorded_by` (`recorded_by`),
  ADD KEY `idx_employee_date` (`employee_id`,`record_date`),
  ADD KEY `idx_record_type` (`record_type`);

--
-- Indexes for table `employee_regularization`
--
ALTER TABLE `employee_regularization`
  ADD PRIMARY KEY (`id`),
  ADD UNIQUE KEY `employee_id` (`employee_id`),
  ADD KEY `idx_current_status` (`current_status_id`),
  ADD KEY `idx_probation_start` (`probation_start_date`),
  ADD KEY `idx_regularization_review` (`regularization_review_date`),
  ADD KEY `reviewed_by` (`reviewed_by`);

--
-- Indexes for table `employee_salaries`
--
ALTER TABLE `employee_salaries`
  ADD PRIMARY KEY (`id`),
  ADD KEY `employee_id` (`employee_id`);

--
-- Indexes for table `employee_salary_history`
--
ALTER TABLE `employee_salary_history`
  ADD PRIMARY KEY (`id`),
  ADD KEY `idx_employee_salary_history` (`employee_id`,`effective_date`),
  ADD KEY `idx_effective_date` (`effective_date`),
  ADD KEY `idx_change_type` (`change_type`),
  ADD KEY `fk_salary_approved_by` (`approved_by`);

--
-- Indexes for table `evaluation_sub_categories`
--
ALTER TABLE `evaluation_sub_categories`
  ADD PRIMARY KEY (`id`),
  ADD KEY `main_category_id` (`main_category_id`),
  ADD KEY `created_by` (`created_by`),
  ADD KEY `status` (`status`),
  ADD KEY `order_number` (`order_number`),
  ADD KEY `idx_evaluation_sub_categories_main_order` (`main_category_id`,`order_number`,`status`),
  ADD KEY `idx_evaluation_sub_categories_created_by_role` (`created_by_role`);

--
-- Indexes for table `government_benefit_rates`
--
ALTER TABLE `government_benefit_rates`
  ADD PRIMARY KEY (`id`),
  ADD KEY `idx_benefit_type` (`benefit_type`),
  ADD KEY `idx_salary_range` (`salary_range_min`,`salary_range_max`),
  ADD KEY `idx_is_active` (`is_active`);

--
-- Indexes for table `increment_requests`
--
ALTER TABLE `increment_requests`
  ADD PRIMARY KEY (`id`),
  ADD KEY `employee_id` (`employee_id`),
  ADD KEY `increment_type_id` (`increment_type_id`),
  ADD KEY `requested_by` (`requested_by`),
  ADD KEY `approved_by` (`approved_by`);

--
-- Indexes for table `increment_types`
--
ALTER TABLE `increment_types`
  ADD PRIMARY KEY (`id`);

--
-- Indexes for table `leave_accumulation_history`
--
ALTER TABLE `leave_accumulation_history`
  ADD PRIMARY KEY (`id`),
  ADD KEY `employee_id` (`employee_id`),
  ADD KEY `leave_type_id` (`leave_type_id`),
  ADD KEY `year_month` (`year`,`month`);

--
-- Indexes for table `leave_notifications`
--
ALTER TABLE `leave_notifications`
  ADD PRIMARY KEY (`id`),
  ADD KEY `employee_id` (`employee_id`),
  ADD KEY `leave_request_id` (`leave_request_id`),
  ADD KEY `is_read` (`is_read`);

--
-- Indexes for table `leave_types`
--
ALTER TABLE `leave_types`
  ADD PRIMARY KEY (`id`);

--
-- Indexes for table `main_evaluation_categories`
--
ALTER TABLE `main_evaluation_categories`
  ADD PRIMARY KEY (`id`),
  ADD KEY `created_by` (`created_by`),
  ADD KEY `status` (`status`),
  ADD KEY `idx_main_evaluation_categories_type_status` (`evaluation_type`,`status`),
  ADD KEY `idx_main_evaluation_categories_created_by_role` (`created_by_role`);

--
-- Indexes for table `payroll_adjustments`
--
ALTER TABLE `payroll_adjustments`
  ADD PRIMARY KEY (`id`),
  ADD KEY `approved_by` (`approved_by`),
  ADD KEY `created_by` (`created_by`),
  ADD KEY `idx_payroll_record` (`payroll_record_id`);

--
-- Indexes for table `payroll_audit_log`
--
ALTER TABLE `payroll_audit_log`
  ADD PRIMARY KEY (`id`),
  ADD KEY `payroll_record_id` (`payroll_record_id`),
  ADD KEY `performed_by` (`performed_by`),
  ADD KEY `idx_period` (`payroll_period_id`),
  ADD KEY `idx_action` (`action`),
  ADD KEY `idx_created_at` (`created_at`);

--
-- Indexes for table `payroll_custom_deductions`
--
ALTER TABLE `payroll_custom_deductions`
  ADD PRIMARY KEY (`id`),
  ADD KEY `deduction_type_id` (`deduction_type_id`),
  ADD KEY `idx_payroll_record` (`payroll_record_id`);

--
-- Indexes for table `payroll_custom_earnings`
--
ALTER TABLE `payroll_custom_earnings`
  ADD PRIMARY KEY (`id`),
  ADD KEY `earning_type_id` (`earning_type_id`),
  ADD KEY `idx_payroll_record` (`payroll_record_id`);

--
-- Indexes for table `payroll_deduction_types`
--
ALTER TABLE `payroll_deduction_types`
  ADD PRIMARY KEY (`id`),
  ADD UNIQUE KEY `code` (`code`),
  ADD KEY `idx_code` (`code`),
  ADD KEY `idx_category` (`category`),
  ADD KEY `idx_active` (`is_active`);

--
-- Indexes for table `payroll_earning_types`
--
ALTER TABLE `payroll_earning_types`
  ADD PRIMARY KEY (`id`),
  ADD UNIQUE KEY `code` (`code`),
  ADD KEY `idx_code` (`code`),
  ADD KEY `idx_category` (`category`);

--
-- Indexes for table `payroll_periods`
--
ALTER TABLE `payroll_periods`
  ADD PRIMARY KEY (`id`),
  ADD KEY `created_by` (`created_by`),
  ADD KEY `approved_by` (`approved_by`),
  ADD KEY `idx_period_dates` (`start_date`,`end_date`),
  ADD KEY `idx_status` (`status`),
  ADD KEY `idx_payment_date` (`payment_date`);

--
-- Indexes for table `payroll_records`
--
ALTER TABLE `payroll_records`
  ADD PRIMARY KEY (`id`),
  ADD UNIQUE KEY `unique_employee_period` (`payroll_period_id`,`employee_id`),
  ADD KEY `idx_employee` (`employee_id`),
  ADD KEY `idx_status` (`status`);

--
-- Indexes for table `performance_reviews`
--
ALTER TABLE `performance_reviews`
  ADD PRIMARY KEY (`id`),
  ADD KEY `fk_review_employee` (`employee_id`),
  ADD KEY `fk_review_reviewer` (`reviewer_id`),
  ADD KEY `fk_review_approved_by` (`approved_by`),
  ADD KEY `idx_employee_type` (`employee_type`),
  ADD KEY `idx_review_type` (`review_type`),
  ADD KEY `idx_status` (`status`),
  ADD KEY `idx_review_period` (`review_period_start`,`review_period_end`),
  ADD KEY `idx_performance_reviews_employee_period` (`employee_id`,`review_period_start`,`review_period_end`),
  ADD KEY `idx_performance_reviews_reviewer_status` (`reviewer_id`,`status`),
  ADD KEY `idx_performance_reviews_type_status` (`review_type`,`status`);

--
-- Indexes for table `performance_review_categories`
--
ALTER TABLE `performance_review_categories`
  ADD PRIMARY KEY (`id`);

--
-- Indexes for table `performance_review_criteria`
--
ALTER TABLE `performance_review_criteria`
  ADD PRIMARY KEY (`id`),
  ADD KEY `category_id` (`category_id`);

--
-- Indexes for table `performance_review_goals`
--
ALTER TABLE `performance_review_goals`
  ADD PRIMARY KEY (`id`),
  ADD KEY `performance_review_id` (`performance_review_id`);

--
-- Indexes for table `performance_review_scores`
--
ALTER TABLE `performance_review_scores`
  ADD PRIMARY KEY (`id`),
  ADD KEY `performance_review_id` (`performance_review_id`),
  ADD KEY `criteria_id` (`criteria_id`);

--
-- Indexes for table `regularization_criteria`
--
ALTER TABLE `regularization_criteria`
  ADD PRIMARY KEY (`id`),
  ADD KEY `is_active` (`is_active`),
  ADD KEY `created_at` (`created_at`),
  ADD KEY `created_by` (`created_by`),
  ADD KEY `updated_by` (`updated_by`);

--
-- Indexes for table `regularization_notifications`
--
ALTER TABLE `regularization_notifications`
  ADD PRIMARY KEY (`id`),
  ADD KEY `employee_id` (`employee_id`),
  ADD KEY `notification_date` (`notification_date`),
  ADD KEY `is_sent` (`is_sent`);

--
-- Indexes for table `regularization_reviews`
--
ALTER TABLE `regularization_reviews`
  ADD PRIMARY KEY (`id`),
  ADD KEY `employee_regularization_id` (`employee_regularization_id`),
  ADD KEY `reviewer_id` (`reviewer_id`),
  ADD KEY `status_id` (`status_id`),
  ADD KEY `review_date` (`review_date`);

--
-- Indexes for table `regularization_status`
--
ALTER TABLE `regularization_status`
  ADD PRIMARY KEY (`id`),
  ADD UNIQUE KEY `name` (`name`);

--
-- Indexes for table `salary_audit_log`
--
ALTER TABLE `salary_audit_log`
  ADD PRIMARY KEY (`id`),
  ADD KEY `employee_id` (`employee_id`),
  ADD KEY `performed_by` (`performed_by`),
  ADD KEY `action_type` (`action_type`),
  ADD KEY `created_at` (`created_at`);

--
-- Indexes for table `salary_increments`
--
ALTER TABLE `salary_increments`
  ADD PRIMARY KEY (`id`),
  ADD KEY `employee_id` (`employee_id`),
  ADD KEY `salary_structure_id` (`salary_structure_id`),
  ADD KEY `effective_date` (`effective_date`),
  ADD KEY `status` (`status`),
  ADD KEY `approved_by` (`approved_by`),
  ADD KEY `created_by` (`created_by`);

--
-- Indexes for table `salary_structures`
--
ALTER TABLE `salary_structures`
  ADD PRIMARY KEY (`id`),
  ADD KEY `idx_department` (`department`),
  ADD KEY `idx_grade_level` (`grade_level`),
  ADD KEY `idx_active` (`is_active`);

--
-- Indexes for table `settings`
--
ALTER TABLE `settings`
  ADD PRIMARY KEY (`id`),
  ADD UNIQUE KEY `setting_key` (`setting_key`);

--
-- Indexes for table `tax_brackets`
--
ALTER TABLE `tax_brackets`
  ADD PRIMARY KEY (`id`),
  ADD KEY `idx_income_range` (`income_min`,`income_max`),
  ADD KEY `idx_is_active` (`is_active`);

--
-- Indexes for table `trainings_seminars`
--
ALTER TABLE `trainings_seminars`
  ADD PRIMARY KEY (`id`),
  ADD KEY `category_id` (`category_id`),
  ADD KEY `main_category_id` (`main_category_id`),
  ADD KEY `sub_category_id` (`sub_category_id`),
  ADD KEY `status` (`status`),
  ADD KEY `start_date` (`start_date`),
  ADD KEY `created_by` (`created_by`),
  ADD KEY `idx_trainings_seminars_type_status` (`type`,`status`),
  ADD KEY `idx_trainings_seminars_dates` (`start_date`,`end_date`),
  ADD KEY `idx_trainings_seminars_category_status` (`category_id`,`status`),
  ADD KEY `idx_trainings_seminars_main_category` (`main_category_id`,`status`),
  ADD KEY `idx_trainings_seminars_created_by_role` (`created_by_role`);

--
-- Indexes for table `training_categories`
--
ALTER TABLE `training_categories`
  ADD PRIMARY KEY (`id`),
  ADD KEY `created_by` (`created_by`),
  ADD KEY `status` (`status`),
  ADD KEY `idx_training_categories_created_by_role` (`created_by_role`);

--
-- Indexes for table `training_registrations`
--
ALTER TABLE `training_registrations`
  ADD PRIMARY KEY (`id`),
  ADD UNIQUE KEY `training_user` (`training_id`,`user_id`),
  ADD KEY `user_id` (`user_id`),
  ADD KEY `status` (`status`),
  ADD KEY `registration_date` (`registration_date`),
  ADD KEY `idx_training_registrations_user_status` (`user_id`,`status`),
  ADD KEY `idx_training_registrations_training_status` (`training_id`,`status`),
  ADD KEY `idx_training_registrations_date` (`registration_date`),
  ADD KEY `idx_training_registrations_created_by_role` (`created_by_role`);

--
-- Indexes for table `training_suggestions`
--
ALTER TABLE `training_suggestions`
  ADD PRIMARY KEY (`id`),
  ADD KEY `user_id` (`user_id`),
  ADD KEY `training_id` (`training_id`),
  ADD KEY `evaluation_category_id` (`evaluation_category_id`),
  ADD KEY `priority_level` (`priority_level`),
  ADD KEY `status` (`status`),
  ADD KEY `suggested_by` (`suggested_by`),
  ADD KEY `idx_training_suggestions_user_status` (`user_id`,`status`),
  ADD KEY `idx_training_suggestions_priority` (`priority_level`,`status`),
  ADD KEY `idx_training_suggestions_category` (`evaluation_category_id`);

--
-- Indexes for table `users`
--
ALTER TABLE `users`
  ADD PRIMARY KEY (`id`),
  ADD UNIQUE KEY `username` (`username`);

--
-- AUTO_INCREMENT for dumped tables
--

--
-- AUTO_INCREMENT for table `activity_log`
--
ALTER TABLE `activity_log`
  MODIFY `id` int(11) NOT NULL AUTO_INCREMENT;

--
-- AUTO_INCREMENT for table `degrees`
--
ALTER TABLE `degrees`
  MODIFY `id` int(11) NOT NULL AUTO_INCREMENT, AUTO_INCREMENT=9;

--
-- AUTO_INCREMENT for table `departments`
--
ALTER TABLE `departments`
  MODIFY `id` int(11) NOT NULL AUTO_INCREMENT, AUTO_INCREMENT=9;

--
-- AUTO_INCREMENT for table `employees`
--
ALTER TABLE `employees`
  MODIFY `id` int(11) NOT NULL AUTO_INCREMENT, AUTO_INCREMENT=14;

--
-- AUTO_INCREMENT for table `employee_benefits`
--
ALTER TABLE `employee_benefits`
  MODIFY `id` int(11) NOT NULL AUTO_INCREMENT;

--
-- AUTO_INCREMENT for table `employee_benefit_configurations`
--
ALTER TABLE `employee_benefit_configurations`
  MODIFY `id` int(11) NOT NULL AUTO_INCREMENT;

--
-- AUTO_INCREMENT for table `employee_details`
--
ALTER TABLE `employee_details`
  MODIFY `id` int(11) NOT NULL AUTO_INCREMENT, AUTO_INCREMENT=29;

--
-- AUTO_INCREMENT for table `employee_dtr_cards`
--
ALTER TABLE `employee_dtr_cards`
  MODIFY `id` int(11) NOT NULL AUTO_INCREMENT;

--
-- AUTO_INCREMENT for table `employee_leave_allowances`
--
ALTER TABLE `employee_leave_allowances`
  MODIFY `id` int(11) NOT NULL AUTO_INCREMENT, AUTO_INCREMENT=168;

--
-- AUTO_INCREMENT for table `employee_leave_requests`
--
ALTER TABLE `employee_leave_requests`
  MODIFY `id` int(11) NOT NULL AUTO_INCREMENT;

--
-- AUTO_INCREMENT for table `employee_medical_history`
--
ALTER TABLE `employee_medical_history`
  MODIFY `id` int(11) NOT NULL AUTO_INCREMENT, AUTO_INCREMENT=26;

--
-- AUTO_INCREMENT for table `employee_regularization`
--
ALTER TABLE `employee_regularization`
  MODIFY `id` int(11) NOT NULL AUTO_INCREMENT;

--
-- AUTO_INCREMENT for table `employee_salaries`
--
ALTER TABLE `employee_salaries`
  MODIFY `id` int(11) NOT NULL AUTO_INCREMENT;

--
-- AUTO_INCREMENT for table `employee_salary_history`
--
ALTER TABLE `employee_salary_history`
  MODIFY `id` int(11) NOT NULL AUTO_INCREMENT;

--
-- AUTO_INCREMENT for table `evaluation_sub_categories`
--
ALTER TABLE `evaluation_sub_categories`
  MODIFY `id` int(11) NOT NULL AUTO_INCREMENT, AUTO_INCREMENT=26;

--
-- AUTO_INCREMENT for table `government_benefit_rates`
--
ALTER TABLE `government_benefit_rates`
  MODIFY `id` int(11) NOT NULL AUTO_INCREMENT, AUTO_INCREMENT=51;

--
-- AUTO_INCREMENT for table `increment_requests`
--
ALTER TABLE `increment_requests`
  MODIFY `id` int(11) NOT NULL AUTO_INCREMENT;

--
-- AUTO_INCREMENT for table `increment_types`
--
ALTER TABLE `increment_types`
  MODIFY `id` int(11) NOT NULL AUTO_INCREMENT, AUTO_INCREMENT=21;

--
-- AUTO_INCREMENT for table `leave_accumulation_history`
--
ALTER TABLE `leave_accumulation_history`
  MODIFY `id` int(11) NOT NULL AUTO_INCREMENT;

--
-- AUTO_INCREMENT for table `leave_notifications`
--
ALTER TABLE `leave_notifications`
  MODIFY `id` int(11) NOT NULL AUTO_INCREMENT;

--
-- AUTO_INCREMENT for table `leave_types`
--
ALTER TABLE `leave_types`
  MODIFY `id` int(11) NOT NULL AUTO_INCREMENT, AUTO_INCREMENT=31;

--
-- AUTO_INCREMENT for table `main_evaluation_categories`
--
ALTER TABLE `main_evaluation_categories`
  MODIFY `id` int(11) NOT NULL AUTO_INCREMENT, AUTO_INCREMENT=10;

--
-- AUTO_INCREMENT for table `payroll_adjustments`
--
ALTER TABLE `payroll_adjustments`
  MODIFY `id` int(11) NOT NULL AUTO_INCREMENT;

--
-- AUTO_INCREMENT for table `payroll_audit_log`
--
ALTER TABLE `payroll_audit_log`
  MODIFY `id` int(11) NOT NULL AUTO_INCREMENT;

--
-- AUTO_INCREMENT for table `payroll_custom_deductions`
--
ALTER TABLE `payroll_custom_deductions`
  MODIFY `id` int(11) NOT NULL AUTO_INCREMENT;

--
-- AUTO_INCREMENT for table `payroll_custom_earnings`
--
ALTER TABLE `payroll_custom_earnings`
  MODIFY `id` int(11) NOT NULL AUTO_INCREMENT;

--
-- AUTO_INCREMENT for table `payroll_deduction_types`
--
ALTER TABLE `payroll_deduction_types`
  MODIFY `id` int(11) NOT NULL AUTO_INCREMENT, AUTO_INCREMENT=16;

--
-- AUTO_INCREMENT for table `payroll_earning_types`
--
ALTER TABLE `payroll_earning_types`
  MODIFY `id` int(11) NOT NULL AUTO_INCREMENT, AUTO_INCREMENT=11;

--
-- AUTO_INCREMENT for table `payroll_periods`
--
ALTER TABLE `payroll_periods`
  MODIFY `id` int(11) NOT NULL AUTO_INCREMENT, AUTO_INCREMENT=21;

--
-- AUTO_INCREMENT for table `payroll_records`
--
ALTER TABLE `payroll_records`
  MODIFY `id` int(11) NOT NULL AUTO_INCREMENT;

--
-- AUTO_INCREMENT for table `performance_reviews`
--
ALTER TABLE `performance_reviews`
  MODIFY `id` int(11) NOT NULL AUTO_INCREMENT;

--
-- AUTO_INCREMENT for table `performance_review_categories`
--
ALTER TABLE `performance_review_categories`
  MODIFY `id` int(11) NOT NULL AUTO_INCREMENT, AUTO_INCREMENT=13;

--
-- AUTO_INCREMENT for table `performance_review_criteria`
--
ALTER TABLE `performance_review_criteria`
  MODIFY `id` int(11) NOT NULL AUTO_INCREMENT;

--
-- AUTO_INCREMENT for table `performance_review_goals`
--
ALTER TABLE `performance_review_goals`
  MODIFY `id` int(11) NOT NULL AUTO_INCREMENT;

--
-- AUTO_INCREMENT for table `performance_review_scores`
--
ALTER TABLE `performance_review_scores`
  MODIFY `id` int(11) NOT NULL AUTO_INCREMENT;

--
-- AUTO_INCREMENT for table `regularization_criteria`
--
ALTER TABLE `regularization_criteria`
  MODIFY `id` int(11) NOT NULL AUTO_INCREMENT, AUTO_INCREMENT=3;

--
-- AUTO_INCREMENT for table `regularization_notifications`
--
ALTER TABLE `regularization_notifications`
  MODIFY `id` int(11) NOT NULL AUTO_INCREMENT;

--
-- AUTO_INCREMENT for table `regularization_reviews`
--
ALTER TABLE `regularization_reviews`
  MODIFY `id` int(11) NOT NULL AUTO_INCREMENT;

--
-- AUTO_INCREMENT for table `regularization_status`
--
ALTER TABLE `regularization_status`
  MODIFY `id` int(11) NOT NULL AUTO_INCREMENT, AUTO_INCREMENT=22;

--
-- AUTO_INCREMENT for table `salary_audit_log`
--
ALTER TABLE `salary_audit_log`
  MODIFY `id` int(11) NOT NULL AUTO_INCREMENT;

--
-- AUTO_INCREMENT for table `salary_increments`
--
ALTER TABLE `salary_increments`
  MODIFY `id` int(11) NOT NULL AUTO_INCREMENT;

--
-- AUTO_INCREMENT for table `salary_structures`
--
ALTER TABLE `salary_structures`
  MODIFY `id` int(11) NOT NULL AUTO_INCREMENT, AUTO_INCREMENT=66;

--
-- AUTO_INCREMENT for table `settings`
--
ALTER TABLE `settings`
  MODIFY `id` int(11) NOT NULL AUTO_INCREMENT, AUTO_INCREMENT=25;

--
-- AUTO_INCREMENT for table `tax_brackets`
--
ALTER TABLE `tax_brackets`
  MODIFY `id` int(11) NOT NULL AUTO_INCREMENT, AUTO_INCREMENT=7;

--
-- AUTO_INCREMENT for table `trainings_seminars`
--
ALTER TABLE `trainings_seminars`
  MODIFY `id` int(11) NOT NULL AUTO_INCREMENT, AUTO_INCREMENT=7;

--
-- AUTO_INCREMENT for table `training_categories`
--
ALTER TABLE `training_categories`
  MODIFY `id` int(11) NOT NULL AUTO_INCREMENT, AUTO_INCREMENT=9;

--
-- AUTO_INCREMENT for table `training_registrations`
--
ALTER TABLE `training_registrations`
  MODIFY `id` int(11) NOT NULL AUTO_INCREMENT;

--
-- AUTO_INCREMENT for table `training_suggestions`
--
ALTER TABLE `training_suggestions`
  MODIFY `id` int(11) NOT NULL AUTO_INCREMENT, AUTO_INCREMENT=4;

--
-- AUTO_INCREMENT for table `users`
--
ALTER TABLE `users`
  MODIFY `id` int(11) NOT NULL AUTO_INCREMENT, AUTO_INCREMENT=11;

--
-- Constraints for dumped tables
--

--
-- Constraints for table `activity_log`
--
ALTER TABLE `activity_log`
  ADD CONSTRAINT `activity_log_ibfk_1` FOREIGN KEY (`user_id`) REFERENCES `users` (`id`) ON DELETE SET NULL;

--
-- Constraints for table `degrees`
--
ALTER TABLE `degrees`
  ADD CONSTRAINT `degrees_ibfk_1` FOREIGN KEY (`created_by`) REFERENCES `users` (`id`),
  ADD CONSTRAINT `degrees_ibfk_2` FOREIGN KEY (`updated_by`) REFERENCES `users` (`id`);

--
-- Constraints for table `departments`
--
ALTER TABLE `departments`
  ADD CONSTRAINT `departments_ibfk_1` FOREIGN KEY (`created_by`) REFERENCES `users` (`id`) ON DELETE SET NULL;

--
-- Constraints for table `employees`
--
ALTER TABLE `employees`
  ADD CONSTRAINT `fk_employees_department` FOREIGN KEY (`department_id`) REFERENCES `departments` (`id`) ON DELETE SET NULL ON UPDATE CASCADE;

--
-- Constraints for table `employee_benefits`
--
ALTER TABLE `employee_benefits`
  ADD CONSTRAINT `fk_employee_benefits_employee` FOREIGN KEY (`employee_id`) REFERENCES `employees` (`id`) ON DELETE CASCADE ON UPDATE CASCADE;

--
-- Constraints for table `employee_benefit_configurations`
--
ALTER TABLE `employee_benefit_configurations`
  ADD CONSTRAINT `employee_benefit_configurations_ibfk_1` FOREIGN KEY (`employee_id`) REFERENCES `employees` (`id`) ON DELETE CASCADE;

--
-- Constraints for table `employee_details`
--
ALTER TABLE `employee_details`
  ADD CONSTRAINT `fk_employee_details_created_by` FOREIGN KEY (`created_by`) REFERENCES `users` (`id`) ON DELETE SET NULL ON UPDATE CASCADE,
  ADD CONSTRAINT `fk_employee_details_employee` FOREIGN KEY (`employee_id`) REFERENCES `employees` (`id`) ON DELETE CASCADE ON UPDATE CASCADE,
  ADD CONSTRAINT `fk_employee_details_updated_by` FOREIGN KEY (`updated_by`) REFERENCES `users` (`id`) ON DELETE SET NULL ON UPDATE CASCADE;

--
-- Constraints for table `employee_dtr_cards`
--
ALTER TABLE `employee_dtr_cards`
  ADD CONSTRAINT `employee_dtr_cards_ibfk_1` FOREIGN KEY (`employee_id`) REFERENCES `employees` (`id`) ON DELETE CASCADE,
  ADD CONSTRAINT `employee_dtr_cards_ibfk_2` FOREIGN KEY (`payroll_period_id`) REFERENCES `payroll_periods` (`id`) ON DELETE SET NULL,
  ADD CONSTRAINT `employee_dtr_cards_ibfk_3` FOREIGN KEY (`uploaded_by`) REFERENCES `users` (`id`) ON DELETE SET NULL,
  ADD CONSTRAINT `employee_dtr_cards_ibfk_4` FOREIGN KEY (`verified_by`) REFERENCES `users` (`id`) ON DELETE SET NULL;

--
-- Constraints for table `employee_leave_requests`
--
ALTER TABLE `employee_leave_requests`
  ADD CONSTRAINT `employee_leave_requests_ibfk_1` FOREIGN KEY (`employee_id`) REFERENCES `employees` (`id`) ON DELETE CASCADE,
  ADD CONSTRAINT `employee_leave_requests_ibfk_2` FOREIGN KEY (`leave_type_id`) REFERENCES `leave_types` (`id`) ON DELETE CASCADE,
  ADD CONSTRAINT `employee_leave_requests_ibfk_3` FOREIGN KEY (`department_head_id`) REFERENCES `employees` (`id`) ON DELETE SET NULL,
  ADD CONSTRAINT `employee_leave_requests_ibfk_4` FOREIGN KEY (`hr_approver_id`) REFERENCES `employees` (`id`) ON DELETE SET NULL;

--
-- Constraints for table `employee_medical_history`
--
ALTER TABLE `employee_medical_history`
  ADD CONSTRAINT `employee_medical_history_ibfk_1` FOREIGN KEY (`employee_id`) REFERENCES `employees` (`id`) ON DELETE CASCADE,
  ADD CONSTRAINT `employee_medical_history_ibfk_2` FOREIGN KEY (`recorded_by`) REFERENCES `users` (`id`) ON DELETE SET NULL;

--
-- Constraints for table `employee_regularization`
--
ALTER TABLE `employee_regularization`
  ADD CONSTRAINT `employee_regularization_ibfk_1` FOREIGN KEY (`employee_id`) REFERENCES `employees` (`id`) ON DELETE CASCADE,
  ADD CONSTRAINT `employee_regularization_ibfk_2` FOREIGN KEY (`current_status_id`) REFERENCES `regularization_status` (`id`),
  ADD CONSTRAINT `employee_regularization_ibfk_3` FOREIGN KEY (`reviewed_by`) REFERENCES `users` (`id`) ON DELETE SET NULL;

--
-- Constraints for table `employee_salaries`
--
ALTER TABLE `employee_salaries`
  ADD CONSTRAINT `employee_salaries_ibfk_1` FOREIGN KEY (`employee_id`) REFERENCES `employees` (`id`) ON DELETE CASCADE;

--
-- Constraints for table `employee_salary_history`
--
ALTER TABLE `employee_salary_history`
  ADD CONSTRAINT `fk_salary_approved_by` FOREIGN KEY (`approved_by`) REFERENCES `users` (`id`) ON DELETE SET NULL ON UPDATE CASCADE,
  ADD CONSTRAINT `fk_salary_history_employee` FOREIGN KEY (`employee_id`) REFERENCES `employees` (`id`) ON DELETE CASCADE ON UPDATE CASCADE;

--
-- Constraints for table `evaluation_sub_categories`
--
ALTER TABLE `evaluation_sub_categories`
  ADD CONSTRAINT `fk_evaluation_sub_categories_created_by` FOREIGN KEY (`created_by`) REFERENCES `users` (`id`) ON DELETE CASCADE,
  ADD CONSTRAINT `fk_evaluation_sub_categories_main` FOREIGN KEY (`main_category_id`) REFERENCES `main_evaluation_categories` (`id`) ON DELETE CASCADE;

--
-- Constraints for table `increment_requests`
--
ALTER TABLE `increment_requests`
  ADD CONSTRAINT `increment_requests_ibfk_1` FOREIGN KEY (`employee_id`) REFERENCES `employees` (`id`) ON DELETE CASCADE,
  ADD CONSTRAINT `increment_requests_ibfk_2` FOREIGN KEY (`increment_type_id`) REFERENCES `increment_types` (`id`) ON DELETE CASCADE,
  ADD CONSTRAINT `increment_requests_ibfk_3` FOREIGN KEY (`requested_by`) REFERENCES `users` (`id`) ON DELETE CASCADE,
  ADD CONSTRAINT `increment_requests_ibfk_4` FOREIGN KEY (`approved_by`) REFERENCES `users` (`id`) ON DELETE SET NULL;

--
-- Constraints for table `leave_accumulation_history`
--
ALTER TABLE `leave_accumulation_history`
  ADD CONSTRAINT `leave_accumulation_history_ibfk_1` FOREIGN KEY (`employee_id`) REFERENCES `employees` (`id`) ON DELETE CASCADE,
  ADD CONSTRAINT `leave_accumulation_history_ibfk_2` FOREIGN KEY (`leave_type_id`) REFERENCES `leave_types` (`id`) ON DELETE CASCADE;

--
-- Constraints for table `leave_notifications`
--
ALTER TABLE `leave_notifications`
  ADD CONSTRAINT `leave_notifications_ibfk_1` FOREIGN KEY (`employee_id`) REFERENCES `employees` (`id`) ON DELETE CASCADE,
  ADD CONSTRAINT `leave_notifications_ibfk_2` FOREIGN KEY (`leave_request_id`) REFERENCES `employee_leave_requests` (`id`) ON DELETE CASCADE;

--
-- Constraints for table `main_evaluation_categories`
--
ALTER TABLE `main_evaluation_categories`
  ADD CONSTRAINT `fk_main_evaluation_categories_created_by` FOREIGN KEY (`created_by`) REFERENCES `users` (`id`) ON DELETE CASCADE;

--
-- Constraints for table `payroll_adjustments`
--
ALTER TABLE `payroll_adjustments`
  ADD CONSTRAINT `payroll_adjustments_ibfk_1` FOREIGN KEY (`payroll_record_id`) REFERENCES `payroll_records` (`id`) ON DELETE CASCADE,
  ADD CONSTRAINT `payroll_adjustments_ibfk_2` FOREIGN KEY (`approved_by`) REFERENCES `users` (`id`),
  ADD CONSTRAINT `payroll_adjustments_ibfk_3` FOREIGN KEY (`created_by`) REFERENCES `users` (`id`);

--
-- Constraints for table `payroll_audit_log`
--
ALTER TABLE `payroll_audit_log`
  ADD CONSTRAINT `payroll_audit_log_ibfk_1` FOREIGN KEY (`payroll_period_id`) REFERENCES `payroll_periods` (`id`) ON DELETE SET NULL,
  ADD CONSTRAINT `payroll_audit_log_ibfk_2` FOREIGN KEY (`payroll_record_id`) REFERENCES `payroll_records` (`id`) ON DELETE SET NULL,
  ADD CONSTRAINT `payroll_audit_log_ibfk_3` FOREIGN KEY (`performed_by`) REFERENCES `users` (`id`);

--
-- Constraints for table `payroll_custom_deductions`
--
ALTER TABLE `payroll_custom_deductions`
  ADD CONSTRAINT `payroll_custom_deductions_ibfk_1` FOREIGN KEY (`payroll_record_id`) REFERENCES `payroll_records` (`id`) ON DELETE CASCADE,
  ADD CONSTRAINT `payroll_custom_deductions_ibfk_2` FOREIGN KEY (`deduction_type_id`) REFERENCES `payroll_deduction_types` (`id`);

--
-- Constraints for table `payroll_custom_earnings`
--
ALTER TABLE `payroll_custom_earnings`
  ADD CONSTRAINT `payroll_custom_earnings_ibfk_1` FOREIGN KEY (`payroll_record_id`) REFERENCES `payroll_records` (`id`) ON DELETE CASCADE,
  ADD CONSTRAINT `payroll_custom_earnings_ibfk_2` FOREIGN KEY (`earning_type_id`) REFERENCES `payroll_earning_types` (`id`);

--
-- Constraints for table `payroll_periods`
--
ALTER TABLE `payroll_periods`
  ADD CONSTRAINT `payroll_periods_ibfk_1` FOREIGN KEY (`created_by`) REFERENCES `users` (`id`),
  ADD CONSTRAINT `payroll_periods_ibfk_2` FOREIGN KEY (`approved_by`) REFERENCES `users` (`id`);

--
-- Constraints for table `payroll_records`
--
ALTER TABLE `payroll_records`
  ADD CONSTRAINT `payroll_records_ibfk_1` FOREIGN KEY (`payroll_period_id`) REFERENCES `payroll_periods` (`id`) ON DELETE CASCADE,
  ADD CONSTRAINT `payroll_records_ibfk_2` FOREIGN KEY (`employee_id`) REFERENCES `employees` (`id`) ON DELETE CASCADE;

--
-- Constraints for table `performance_reviews`
--
ALTER TABLE `performance_reviews`
  ADD CONSTRAINT `fk_review_approved_by` FOREIGN KEY (`approved_by`) REFERENCES `users` (`id`) ON DELETE SET NULL,
  ADD CONSTRAINT `fk_review_employee` FOREIGN KEY (`employee_id`) REFERENCES `faculty` (`id`) ON DELETE CASCADE,
  ADD CONSTRAINT `fk_review_reviewer` FOREIGN KEY (`reviewer_id`) REFERENCES `users` (`id`) ON DELETE CASCADE;

--
-- Constraints for table `performance_review_criteria`
--
ALTER TABLE `performance_review_criteria`
  ADD CONSTRAINT `performance_review_criteria_ibfk_1` FOREIGN KEY (`category_id`) REFERENCES `performance_review_categories` (`id`) ON DELETE CASCADE;

--
-- Constraints for table `performance_review_goals`
--
ALTER TABLE `performance_review_goals`
  ADD CONSTRAINT `performance_review_goals_ibfk_1` FOREIGN KEY (`performance_review_id`) REFERENCES `performance_reviews` (`id`) ON DELETE CASCADE;

--
-- Constraints for table `performance_review_scores`
--
ALTER TABLE `performance_review_scores`
  ADD CONSTRAINT `performance_review_scores_ibfk_1` FOREIGN KEY (`performance_review_id`) REFERENCES `performance_reviews` (`id`) ON DELETE CASCADE,
  ADD CONSTRAINT `performance_review_scores_ibfk_2` FOREIGN KEY (`criteria_id`) REFERENCES `performance_review_criteria` (`id`) ON DELETE CASCADE;

--
-- Constraints for table `regularization_criteria`
--
ALTER TABLE `regularization_criteria`
  ADD CONSTRAINT `regularization_criteria_ibfk_1` FOREIGN KEY (`created_by`) REFERENCES `users` (`id`) ON DELETE SET NULL,
  ADD CONSTRAINT `regularization_criteria_ibfk_2` FOREIGN KEY (`updated_by`) REFERENCES `users` (`id`) ON DELETE SET NULL;

--
-- Constraints for table `regularization_notifications`
--
ALTER TABLE `regularization_notifications`
  ADD CONSTRAINT `regularization_notifications_ibfk_1` FOREIGN KEY (`employee_id`) REFERENCES `employees` (`id`) ON DELETE CASCADE;

--
-- Constraints for table `regularization_reviews`
--
ALTER TABLE `regularization_reviews`
  ADD CONSTRAINT `regularization_reviews_ibfk_1` FOREIGN KEY (`employee_regularization_id`) REFERENCES `employee_regularization` (`id`) ON DELETE CASCADE,
  ADD CONSTRAINT `regularization_reviews_ibfk_2` FOREIGN KEY (`reviewer_id`) REFERENCES `users` (`id`) ON DELETE CASCADE,
  ADD CONSTRAINT `regularization_reviews_ibfk_3` FOREIGN KEY (`status_id`) REFERENCES `regularization_status` (`id`);

--
-- Constraints for table `salary_audit_log`
--
ALTER TABLE `salary_audit_log`
  ADD CONSTRAINT `salary_audit_log_ibfk_1` FOREIGN KEY (`employee_id`) REFERENCES `employees` (`id`) ON DELETE CASCADE,
  ADD CONSTRAINT `salary_audit_log_ibfk_2` FOREIGN KEY (`performed_by`) REFERENCES `users` (`id`) ON DELETE CASCADE;

--
-- Constraints for table `salary_increments`
--
ALTER TABLE `salary_increments`
  ADD CONSTRAINT `salary_increments_ibfk_1` FOREIGN KEY (`employee_id`) REFERENCES `employees` (`id`) ON DELETE CASCADE,
  ADD CONSTRAINT `salary_increments_ibfk_2` FOREIGN KEY (`salary_structure_id`) REFERENCES `salary_structures` (`id`) ON DELETE CASCADE,
  ADD CONSTRAINT `salary_increments_ibfk_3` FOREIGN KEY (`approved_by`) REFERENCES `users` (`id`) ON DELETE SET NULL,
  ADD CONSTRAINT `salary_increments_ibfk_4` FOREIGN KEY (`created_by`) REFERENCES `users` (`id`) ON DELETE CASCADE;

--
-- Constraints for table `trainings_seminars`
--
ALTER TABLE `trainings_seminars`
  ADD CONSTRAINT `fk_trainings_seminars_category` FOREIGN KEY (`category_id`) REFERENCES `training_categories` (`id`) ON DELETE SET NULL,
  ADD CONSTRAINT `fk_trainings_seminars_created_by` FOREIGN KEY (`created_by`) REFERENCES `users` (`id`) ON DELETE CASCADE,
  ADD CONSTRAINT `fk_trainings_seminars_main_category` FOREIGN KEY (`main_category_id`) REFERENCES `main_evaluation_categories` (`id`) ON DELETE SET NULL,
  ADD CONSTRAINT `fk_trainings_seminars_sub_category` FOREIGN KEY (`sub_category_id`) REFERENCES `evaluation_sub_categories` (`id`) ON DELETE SET NULL;

--
-- Constraints for table `training_categories`
--
ALTER TABLE `training_categories`
  ADD CONSTRAINT `fk_training_categories_created_by` FOREIGN KEY (`created_by`) REFERENCES `users` (`id`) ON DELETE CASCADE;

--
-- Constraints for table `training_registrations`
--
ALTER TABLE `training_registrations`
  ADD CONSTRAINT `fk_training_registrations_training` FOREIGN KEY (`training_id`) REFERENCES `trainings_seminars` (`id`) ON DELETE CASCADE,
  ADD CONSTRAINT `fk_training_registrations_user` FOREIGN KEY (`user_id`) REFERENCES `users` (`id`) ON DELETE CASCADE;

--
-- Constraints for table `training_suggestions`
--
ALTER TABLE `training_suggestions`
  ADD CONSTRAINT `fk_training_suggestions_category` FOREIGN KEY (`evaluation_category_id`) REFERENCES `evaluation_sub_categories` (`id`) ON DELETE SET NULL,
  ADD CONSTRAINT `fk_training_suggestions_suggested_by` FOREIGN KEY (`suggested_by`) REFERENCES `users` (`id`) ON DELETE CASCADE,
  ADD CONSTRAINT `fk_training_suggestions_training` FOREIGN KEY (`training_id`) REFERENCES `trainings_seminars` (`id`) ON DELETE CASCADE,
  ADD CONSTRAINT `fk_training_suggestions_user` FOREIGN KEY (`user_id`) REFERENCES `users` (`id`) ON DELETE CASCADE;
COMMIT;

/*!40101 SET CHARACTER_SET_CLIENT=@OLD_CHARACTER_SET_CLIENT */;
/*!40101 SET CHARACTER_SET_RESULTS=@OLD_CHARACTER_SET_RESULTS */;
/*!40101 SET COLLATION_CONNECTION=@OLD_COLLATION_CONNECTION */;
